meta,k,baseline range,RD (flat),log RR,log OR (logit chart),Bliss chart -log(1-p),most homogeneous
bcg,13,0.001-0.256,0.9565962351985824,0.9211734685456205,0.9264547774458557,0.955165795057672,log RR
axfors2021,33,0.003-0.667,0.0,0.0,0.0,0.0,RD (flat)
damico2009,16,0.096-0.767,0.7876323337836568,0.5819705489745011,0.5526779047852528,0.765872497305263,log OR (logit chart)
anand1999,34,0.014-0.442,0.5223428642258051,0.29036657693335893,0.3190840138370027,0.49685373272619915,log RR
egger2001,16,0.022-0.394,0.7369556829727563,0.6673220400729968,0.6812535507831574,0.7151570889334364,log RR
graves2010,17,0.000-0.005,0.8129946436224627,0.5150250787647491,0.5149563650165001,0.8128542111354231,log OR (logit chart)
hine1989,6,0.023-0.091,0.0,0.0,0.0,0.0,RD (flat)
laopaiboon2015,15,0.027-0.206,0.7613151288494974,0.6358317859873147,0.6699311313327946,0.7064798936638811,log RR
lau1992,33,0.043-0.364,0.3037800577625827,0.1687051540983602,0.18953665013446852,0.2699070397253065,log RR
lee2004,16,0.033-0.887,0.7089934983706604,0.5037020996158339,0.6096100577809995,0.7118153326754336,log RR
li2007,22,0.016-0.200,0.6817882803558907,0.6256341878759568,0.6361497453829928,0.6647788859716541,log RR
nielweise2007,18,0.005-0.184,0.5689131088948319,0.0,0.0,0.5283734761781157,log RR
yusuf1985_10,23,0.022-0.211,0.24983339952645847,0.04635754001231485,0.055508308246917666,0.2646870316459094,log RR
yusuf1985_11,20,0.032-0.211,0.08278012886762706,0.0,0.0,0.08627294130322422,log RR
yusuf1985_12a,14,0.016-0.143,0.6137375930115088,0.32855899039388226,0.354625194894843,0.6114511311034672,log RR
yusuf1985_12b,14,0.013-0.068,0.0,0.0,0.0,0.0,RD (flat)
yusuf1985_6,21,0.015-0.297,0.0,0.0,0.0,0.0,RD (flat)
yusuf1985_9,26,0.004-0.174,0.0,0.0,0.0,0.0,RD (flat)
collins1985a,24,0.009-0.281,0.1861357238937546,0.0,0.0,0.1211742219068993,log RR
