work,short_title,ssrn,layer,uhl_section,bounded_quantity,chart,verdict_status,next_test,last_result
UHL-00,The Universal Hyperbolic Law (capstone),pending,Core,all,any bounded lawful quantity,all,D; capstone v2.1 prepared for specialist review (contains P/D/H claims),Section 13 protocol,"v2.1: one replication (effect scales), one refutation (H1 alpha form)"
C-01,Bounded composition forces interior existence,6773218,Foundations,2.2 / Cor 7.1 (Banach) not restated in v2.1,interval with interior identity,group case,P; its §8 higher-dimensional remark superseded by 6914800,specialist check of Cor 7.1 (Banach fixed point in rapidity),
C-02,Bounded compositional geometry: interior-identity universality,6800400,Foundations,"2.2 / 4.3 (Thm B marked triple) / 8.1 (Thm A = Thm 24, n<=3) / Prop 8",interval,group case + Möbius enrichment,P (author preprint),specialist check of Theorem A (n<=3) and Prop 5.1 for general n,
C-03,Classification of bounded composition laws with reassociation defects,6914800,Foundations,5.2 (Prop 8) / 8 / 13 step 8 (defect tomography),bounded ball,flat (F) vs Einstein (H); holonomy is the selector,P (author preprint); main theorem,specialist check of Theorem 6.3; the open SO(2) case at n=2,
C-04,Lawful coordinates in bounded science: the Euclidean error,6963978,Foundations,3.2 (Prop 4 lawful mean) / 10.2 (SynergyFinder illustration),bounded observables,correspondence principle,"P; ""positive affine"" corrected to positive scale",repeat the SynergyFinder illustration with triple combinations (associativity),SynergyFinder illustration: Bliss chart best of those compared (no associativity test)
O-A,The Observer and the World: projective shadow and empirical grammar,7347861,Observer and state,"1.1 / 2.1 (Prop 1) / 4.1 (Thm 6, Prop 4, corollary) / 13 step 0",ratio-read two-channel state,"observation projection (converse, Riccati)",P,Point-Map Gate; cross-ratio fingerprint,
O-07,The Observer and the World,7426998,Observer and state,"5.1 / 11.2 (observer centrality, jurisdiction refinement)",ratio-read two-channel state,state-law descent; revised series of 7347861,P,matched-present HepG2 protocol,
O-10,Predictive Closure,7427098 (earlier 7304339),Observer and state,1.1 / 5.1 / 5.2 (abelianization) / 6.3 note,predictive state,predictive closure; curvature as obstruction to abelianization,P,independent check of Theorem 5; apply to an ordered-exposure dataset,
O-02,A Law of Biological State Sufficiency,7425878,Observer and state,5.1 / 14,biological state,state-law descent (disclaims universal hyperbolic geometry),P (classical) / H (prevalence),matched-present tests,
O-11,From Predictive State to Viable Action,7427100,Observer and state,14,action-sufficient code,"action quotient, coarser than Thm 10",P / H,held-out action selection before rescue deadline,
O-01,Epistemic Type Safety for Generative AI,7426838,Observer and state,5.1,AI assertion state,state sufficiency,D,demonstrate an advantage on a real model benchmark,
O-04,Recursive Predictive Closure in the Prime Sieve,7426882,Observer and state,5.1,residue-class frequencies,state sufficiency,D,held-out gap-word prediction on a new prime range,
O-PT,Prime-residue projection tomography of consecutive-prime biases,6947578,Observer and state,5.1,residue-class frequencies,state sufficiency,D,held-out residual test on a new prime range,
O-05,The Temporal Architecture of Living Nature,7426938,Observer and state,5.1 (Thm 9; order/waiting commutators) / 10.1 (H4) / 14,biological state,terminal additive compression; forward-invariant regimes,P / H,order-vs-gap matrix,
P-R,Bounded reflection and Möbius composition,6767896,Physics chart,9.2 / 5.2 (Pancharatnam holonomy),reflection coefficient,Poincaré disk,P for 2D; 1D artanh step corrected,measure the Wigner angle of two composed multilayers against Barriuso et al. 2004,
P-K,Bounded composition and deformed kinematics,6756063,Physics chart,9.1; cosmic-ray bounds not treated in v2.1,momentum,maximal momentum,"D; ""forces Einstein"" claim repaired via rigidity (§8.1)",cosmic-ray bounds,
P-Q,Invariance signature of public quantum measurement archives,6865159,Physics chart,14 / 12,quantum measurement records,exchangeability tests,L,"exchangeability test on archive data, with the mapping to a UHL quantity defined first",
P-E,Coefficient-locked test of the exoplanet radius valley,6858878,Physics chart,10.3 / 12,retained envelope fraction (proposed),multiplicative monoid (proposed); paper min-slack is Case II,H (proposed chart),zero-order loss audit,
L-5,The five Möbius composition laws,6754362,Life chart: pharmacology,4.3 / 5.1 (cross-class order) / 10.2,fractional effect,one-horizon dial,"P under marked-triple hypothesis; ""exactly five"" exhaustiveness false in general",H1 restated on NCI-ALMANAC or DrugComb,H1 alpha form refuted on DECREASE
L-U,Universal composition law for bounded pharmacological observables,6739201,Life chart: pharmacology,4 / 10.2,fractional effect,Aczél family,superseded by L-06 (Bliss-parabolic error corrected),none: superseded by L-06,
L-06,Aczél-family composition in bounded pharmacology,7426978,Life chart: pharmacology,4.3 (Hill-slope caveat) / 4.5,fractional effect,mechanism-selected generator,P / H,H1 restated (Loewe vs Bliss surfaces) on screens with replicates and many shared-target pairs,"H1 alpha form refuted on DECREASE (rho=-0.12, p=0.76; reproduced independently)"
L-03,Acute dose-response curve as a transition potential,7426880,Life chart: pharmacology,5.1 (Prop 6) / 6.2 / 13 steps 2 and 5 (LQ degeneracy),dose response,Bliss / monoid (-log S); kinematic and dynamic closure,P / H,gap ladder; semigroup test,
L-08,When equal BED is not equal biology,7427058 (earlier 7302362),Life chart: pharmacology,5.1 (Prop 6) / 12 (split-dose row),radiobiological effect,affine rapidity maps keep order in 1D; pooling,P / E / H,frozen reversal pair 6+12 vs 12+6 Gy,
L-H1,"Hormesis as a geometric necessity (published, Dose-Response)",6858819,Life chart: homeostasis,10.2,viability,two-horizon; independent additive increments (not coupled),D / H (published); locking is an extension [H],Calabrese zero-fit predictions; recovery-rate slowing near the adaptation threshold (Theorem 16),
L-H2,Response-coefficient attenuation predicts hormetic peak,6858760,Life chart: homeostasis,6.2 / 10.2,viability,generator (1-x0^2) baseline scaling,H,P6 baseline-stratified reanalysis,
L-PS,Plant–sensor–controller–surveillance architecture,6754360,Life chart: homeostasis,7.2 (Mode 1 only arrival) / 10.2,redox state,failure typology,D / H,P11 timescale-stratified hormesis,
L-GSH,"Glutathione homeostasis (published, Redox Biochem Chem 17:100084)",6754498,Life chart: homeostasis,10.2,GSH pool,boundary-equilibrium bistability; reductive fade (non-arrival),E (G6PD calibrated) / H (NAC),NAC-in-NSCLC (Mode 2),
L-09,Finite rescue windows and redox commitment,7427059 (supersedes 7181465),Life chart: homeostasis,3.3 / 10.2 / Thm 18 case 5,redox commitment,Riccati hyperbolic-to-elliptic passage,H; under major revision (Advances in Redox Research),depth x duration x rescue design,
L-A,Architectural classification of bounded adaptive systems,6761570,Life chart: homeostasis,4.3-4.4 / 7.2,adaptive state,five-law dial + failure typology (synthesis),"synthesis; ""rapidity is forced"" corrected (§2.4)","none: synthesis; tests belong to L-PS, L-GSH, L-09",
L-N,Projection geometry of the niche-neutral debate,6963360,Life chart: evolution and ecology,5.2 / 8.1 (A.12) / 10.1 / 12,species frequency,flat log-ratio simplex; hidden current,P / H,time-reversal asymmetry,
L-D,Dominance hides in the bend (diploid selection),6963958,Life chart: evolution and ecology,6.1 / 10.1 / 13.3,allele frequency,logit with state-dependent increment,P,mid-frequency sampling,
L-C,c-ring stoichiometry and energetic slack,6858880,Life chart: evolution and ecology,10.3 / 12,forward-step fraction (proposed),two-horizon via detailed balance (Thm 15); boundary-binding = neutral state,H (proposed chart),affinity scans; D_env x q_eff,
L-PG,Precision-gated attractor reversal,6858922,Mind chart,11,recovery state,locking and slip,H,pre-registered attractor-reversal test on recovery data,
M-B,Rapidity coordinates for bounded belief,6774878,Mind chart,11.1 (coupled belief),belief,Einstein composition; coupled rapidities,P / H,dual-EEG relative-rapidity test (sinh needs A5-A6),
M-I,IDA and the Boundedness Engine,6987278,Mind chart,7.2 / 13; IDA itself not treated in v2.1,awareness state,generator-chart return geometry; residue,P under operational definition / H (device),IDA Live experiments,
M-T,Thresholded Adaptive Orchestration (TAO),6779487,Mind chart,6.3 / 13,player and world state,typed bounded charts,D / H,assignment reliability (TAO manuscript Hypothesis 5; TAO-H5),
X-G,Two operators in the g debate,6964098,Outside UHL,—,—,—,outside conditions,Outside UHL; require a measurable bounded cognitive outcome and a tested composition law before reevaluation,
X-P1,Compulsory antipsychotic treatment: evidentiary standard,6907938,Outside UHL,—,—,—,outside conditions,Outside UHL; require a bounded treatment outcome and intervention composition meeting C1-C4 before reevaluation,
X-P2,The measurement gap in coercive psychiatry,6858838,Outside UHL,—,—,—,outside conditions,Outside UHL; require a bounded measurement quantity and lawful composition meeting C1-C4 before reevaluation,
