src,pid,d1,d2,cell,level,alpha,alpha_raw,rmse,rmse_bliss,rmse_loewe,nA,nB,emaxA,emaxB,hillrmA,hillrmB,alpha_loewe_calib,mean_e
18,1,BMS-754807,LY3009120,HEK293,1,-3.086232392629645,-2.678360774843021,0.05935014794546118,0.07907149583043566,0.09956465372187244,0.38459557117620125,1.4645554989812304,0.9999999999999999,0.43315938989664243,0.0633698094399149,0.010134247581800253,0.9999933893038647,0.5257126592269393
18,2,BMS-754807,Trametinib,HEK293,1,-0.1967084970821328,0.24763862509156187,0.040782300363172846,0.041050288841868454,0.050864480707025435,0.395569973028087,9.932253730842419,0.9999999999999999,0.1335956044156297,0.054291904953177476,0.05147529982608868,0.9999933893038647,0.5024808599885876
18,3,BGB324,Everolimus,HEK293,1,0.04513646551757354,0.31448617508959703,0.10357137503992099,0.10358363165003846,0.11093385335317398,0.8692381235355807,1.2371499645264568,0.9999999999999999,0.3947071928289207,0.04776923308595606,0.02979896186879859,0.9999933893038647,0.43260571387900837
18,4,Cisplatin,Ipatasertib,HEK293,0,0.7334460565070225,0.7598449674068722,0.04264792097532554,0.04963017399632577,0.04459237572003631,1.2034421247736928,1.0949408108833414,0.8293414181537121,0.5668413706707072,0.06398370381040297,0.00905106562982441,0.9999933893038647,0.5784771447113852
18,5,Cisplatin,Everolimus,HEK293,0,0.23777849786053318,0.19858983991132884,0.042150058509991845,0.04307175672628958,0.05520261642156458,0.9931180081314401,0.8203906288420741,0.8809192559809718,0.3926361135032423,0.036537998374779154,0.027874024618525166,0.9999933893038647,0.64261424730134
18,6,NVP-LCL161,Trametinib,HEK293,0,-4.999993389303865,0.9999949051552216,0.06959218434645836,0.06959218510324054,0.06959218525459741,1.6730170282037569,9.890067223962149,0.0011368898332495686,0.001253925767412194,2.8796917086822792e-06,0.0011612872130778824,0.9999933893038647,0.04218961953981003
18,7,BMS-754807,LY3009120,HeLa,1,-4.575041750498497,-4.3753232157436255,0.06699527756874585,0.10712156687733992,0.13289437608570606,0.4470624503166337,0.9426967831770706,0.9999999999999999,0.44759604893477356,0.041790575305410825,0.009660752271800726,0.9999933893038647,0.4983505710148976
18,8,BMS-754807,Trametinib,HeLa,1,-0.7662650247895255,-0.6855656228529324,0.10197238611967674,0.10509336363264613,0.12216428938011202,0.38140087890106467,0.6759314667144137,0.9999999999999999,0.3932069904313302,0.04136085419265877,0.005110288257390919,0.9999933893038647,0.5277699546103642
18,9,BGB324,Everolimus,HeLa,1,-4.999993389303865,-4.103510333672346,0.09127108014072452,0.10608447123827054,0.1134036366538689,1.050937154167831,0.795015884048067,0.9999999999999999,0.11252530862144274,0.032901218781650324,0.023200174828994103,0.9999933893038647,0.2657593237847982
18,10,Cisplatin,Ipatasertib,HeLa,0,0.9999933893038647,0.9999933893038647,0.056154741759306036,0.05971798054608342,0.0561547262935008,1.5795492978290055,0.42300243555605327,0.9999999999999999,0.4413150727024482,0.061383661506477664,0.010072055362250556,0.9999933893038647,0.4377270660163954
18,11,Cisplatin,Everolimus,HeLa,0,-4.999993389303865,-2.4205048621516436,0.02651911194869967,0.04901850681384322,0.0581749792026724,2.316075275623935,1.0607634377784105,0.9999999999999999,0.12438631977655323,0.0416842230140614,0.023454981622227315,0.9999933893038647,0.43906314990648926
18,12,NVP-LCL161,Trametinib,HeLa,0,-2.566531005737769,-2.5845133083513465,0.037127196764344575,0.03760920464213727,0.0380693520727256,0.7088560353730365,0.7902656819690034,0.9999999999999999,0.31393424271458953,0.010757703618054835,0.014270196268551066,0.9999933893038647,0.1827866866221862
18,13,BMS-754807,LY3009120,Hep G2,1,-4.999993389303865,-4.999993389303865,0.06242264679285865,0.11769840418496835,0.1472727542204185,0.3098531820964201,1.835877936646889,0.941867510362874,0.9561273854745614,0.024146702281880716,0.044211975151686574,0.9999933893038647,0.7951229463861254
18,14,BMS-754807,Trametinib,Hep G2,1,-4.999993389303865,-4.999993389303865,0.02392297683446099,0.08727336171300935,0.1402970371746915,0.27014256037286505,0.9830530095916532,0.9999999999999999,0.8647414657609818,0.03595491019862618,0.019765370833021743,0.9999933893038647,0.9768980032067018
18,15,BGB324,Everolimus,Hep G2,1,-0.4376666167873628,-0.408625474986325,0.08201943865497545,0.08292611112706354,0.09474972175815463,1.2959205570195202,1.1340634825972153,0.8635161626434806,0.3350373566418013,0.010590219584512877,0.02079709491467801,0.9999933893038647,0.4218205951476677
18,16,Cisplatin,Ipatasertib,Hep G2,0,0.9999933893038647,0.9999933893038647,0.06622763779482624,0.07374175489166857,0.06622761286691885,1.1002206311699798,0.8830170699845455,0.9999999999999999,0.4231211312720544,0.0735811495627018,0.015505822106601359,0.9999933893038647,0.6031600438962242
18,17,Cisplatin,Everolimus,Hep G2,0,0.9999933893038647,0.9999933893038647,0.06106687204338666,0.07159539976043047,0.06106685635180321,1.1103734268260073,1.564759757778463,0.9999999999999999,0.31407171449802745,0.06216239982855116,0.01011514984237791,0.9999933893038647,0.6520677911199775
18,18,NVP-LCL161,Trametinib,Hep G2,0,-2.7823188218857835,-2.564788625067888,0.040752617083513354,0.050629998915535344,0.05981722556967766,9.999999999998153,0.6078032828754687,0.08946783924034793,0.8413607124889578,0.023662534905245333,0.018397357179759908,0.9999933893038647,0.8425734043809239
192,1,Everolimus,Dactolisib,BT-549,2,-2.7378827403329375,-1.987150402515367,0.0836853586413374,0.09936654838409885,0.11724971416775938,4.045341914314963,0.8133612391999088,0.24820530521356007,0.8464705462207779,0.025230641273544453,0.035100791387009604,0.9999933893038647,0.49000000000000005
192,2,Trametinib,Dactolisib,BT-549,0,-0.9495502788412973,-0.827035832998993,0.06259097452389462,0.06288870273359533,0.06396938950500608,9.999254569938964,0.795733508376777,0.21415773114305237,0.7253425998410615,1.3673085971078978e-06,0.029772679186546996,0.9999933893038647,0.3133268253477364
192,3,Refametinib,Dactolisib,BT-549,0,-0.13571981103883557,-0.12524205353283158,0.045818054666288514,0.04582911534785073,0.04668946193031741,9.416194034963707,0.7889024530636606,0.6635908690352678,0.8016210256962956,7.287148700803555e-07,0.017902077278960624,-3.2599463043855614,0.2944897959183673
192,4,Indibulin,Dactolisib,BT-549,0,-3.12695974983207,-2.6917167627572858,0.07283009751887806,0.07896705402228293,0.0871938196880593,2.8896695482647923,1.8458639975559155,0.38918093863933684,0.6812583859518746,0.031078540960123198,0.01577006177329335,0.9999933893038647,0.3564111626679674
192,5,GSK269962,Trametinib,BT-549,0,0.9999933893038647,0.9999933893038647,0.038286030196578676,0.038434448212515356,0.038286029802525996,2.186704710270938,9.838155395182573,0.25610425400589215,0.0831925640632129,0.0005191062183303447,1.481053894291666e-07,0.9999933893038647,0.08049123388865055
192,6,Navitoclax,Trametinib,BT-549,0,0.9999933893038647,0.9999949051552216,0.03635549055099765,0.03635553633371025,0.036355490550694994,1.723090153752879,3.250282762811488,0.0016603379228096004,0.9999999999248251,2.894312983418195e-06,0.01787221029203408,0.9999933893038647,0.024807559511453227
192,7,Ponatinib,Trametinib,BT-549,1,0.9999933893038647,0.9999933893038647,0.09447709901185071,0.096647716965242,0.09447708729030449,9.589452577681739,2.833986303884525,0.3840741714084544,0.1352319250724813,4.841744319590475e-07,0.03441999047113066,0.9999933893038647,0.10291496456501524
192,8,Olaparib,Trametinib,BT-549,0,0.9999933893038647,0.9999949051552216,0.05799804849995449,0.05799814038031348,0.057998048499347095,1.723090153752879,0.26941528552936017,0.0016603379228096004,0.7017359088951898,2.894312983418195e-06,0.027634139515722446,0.9999933893038647,0.03623222616011956
192,9,ABT-199,Trametinib,BT-549,0,0.9999933893038647,0.9999933893038647,0.09584846415515777,0.09599662922536877,0.09584846317571953,0.10000000000013072,0.2703401362556374,0.002044833391848514,0.3620134351112788,0.0039612908064374005,0.006045601935070539,0.9999933893038647,0.05027007221012698
192,10,SCH772984,Trametinib,BT-549,1,0.43702932630018315,0.9999933893038647,0.04004026786995192,0.04009302262627848,0.04013237940041683,0.5235362431088311,0.9108291807968268,0.9999999999999999,0.9999999999999999,0.01877350386566205,0.007402190676876382,0.9999933893038647,0.10890729642701812
192,11,Entinostat,Trametinib,BT-549,0,-4.999993389303865,0.9999949051552216,0.027532400610650785,0.027532567932237188,0.02753260139956576,1.723090153752879,9.734159236357685,0.0016603379228096004,0.1682898482871696,2.894312983418195e-06,2.2306591198361372e-07,0.9999933893038647,0.024010902791060895
192,12,Iniparib,Trametinib,BT-549,0,0.9999933893038647,0.9999949051552216,0.023258254657522952,0.02325827118907363,0.02325825465741367,1.723090153752879,0.6993991958325533,0.0016603379228096004,0.39548328587354575,2.894312983418195e-06,0.01926154209737999,0.9999933893038647,0.031131251378230227
192,13,Everolimus,Dactolisib,CAL-85-1,2,0.9999933893038647,0.9999933893038647,0.08712687077047516,0.09549630041795681,0.08712684269473504,9.999999999794898,0.6422666405708155,0.26324298699647514,0.6547546753798106,0.06273993399290856,0.05085287422954937,0.9999933893038647,0.3464595314435002
192,14,Trametinib,Dactolisib,CAL-85-1,0,0.9999933893038647,0.9999933893038647,0.0952584804202421,0.10133737469295791,0.09525845682593626,1.223193502687898,1.5429531193373138,0.9999999999999999,0.4623890283055209,0.036065652370372216,0.06974159606479713,0.9999933893038647,0.2908304635237303
192,15,Refametinib,Dactolisib,CAL-85-1,0,0.9999933893038647,0.9999933893038647,0.10511266834244437,0.10820639245201762,0.10511265387575884,9.999999950016925,0.526911940955441,0.17594705040088093,0.9278686643418538,0.0482506543196241,0.06363893412876666,0.9999933893038647,0.2363394235499687
192,16,Indibulin,Dactolisib,CAL-85-1,0,-3.5801051881655335,0.004777850807174084,0.09558730894756912,0.0990741073117951,0.10152622132433972,9.999999999999988,0.4673471488215886,0.09282282895322826,0.9999999999998319,0.034805978847702986,0.06428990221634708,0.9999933893038647,0.1941602908827705
192,17,GSK269962,Trametinib,CAL-85-1,0,0.9999933893038647,0.9999933893038647,0.09532921753504989,0.09802041299808169,0.09532920009982118,9.618687629687077,8.635904840481379,0.17117727043900222,0.43615241764551815,3.3426809466131855e-07,0.022316286739437443,0.9999933893038647,0.11108990562143398
192,18,Navitoclax,Trametinib,CAL-85-1,0,-4.999993389303865,0.9999949051552216,0.14128352232681318,0.1412840781651953,0.14128418933476794,1.723090153752879,1.1998859246193603,0.0016603379228096004,0.9999999999999999,2.894312983418195e-06,0.004123124973696368,0.9999933893038647,0.13570947913662565
192,19,Ponatinib,Trametinib,CAL-85-1,1,-4.999993389303865,-4.999993389303865,0.11884965284530725,0.13526546027357286,0.14263311449128221,9.997482373428337,0.630700579494612,0.6537305031257482,0.9999999999999999,1.679666693911745e-06,0.05603191904214519,0.842191667428786,0.2623419245590479
192,20,Olaparib,Trametinib,CAL-85-1,0,-4.498216014725485,0.9999933893038647,0.08309267086518154,0.08327216465696999,0.08336290306792693,9.999999963297107,0.4132655115861656,0.015628582595334145,0.6350587163115483,0.008360646978173897,0.06219815576623864,0.9999933893038647,0.15996324475220092
192,21,ABT-199,Trametinib,CAL-85-1,0,0.9999933893038647,0.9999933893038647,0.11357228057423524,0.11504365237213415,0.11357227146878253,9.999999794286257,0.678636705484773,0.07189147771556871,0.9999999999999999,0.04032249784598101,0.06782925208307297,0.9999933893038647,0.12058166254356795
192,22,SCH772984,Trametinib,CAL-85-1,1,-4.999993389303865,-4.999993389303865,0.13768703025944648,0.1533591812460323,0.15922129032654098,0.9892942044203709,1.49741733795607,0.9999999999999999,0.9999999999999989,0.030221318708013437,0.025897571928081967,0.4928199607081022,0.28894111704517894
192,23,Entinostat,Trametinib,CAL-85-1,0,-4.999993389303865,0.9999949051552216,0.07755825072509058,0.07755832335112975,0.07755833787988672,1.723090153752879,1.5613932676158768,0.0016603379228096004,0.9999999999999999,2.894312983418195e-06,0.039524658462657306,0.9999933893038647,0.1349223887955603
192,24,Iniparib,Trametinib,CAL-85-1,0,-4.1547682039552125,-1.6727458892156042,0.0776300444793452,0.07816714841451901,0.07848355919439615,9.594532904433871,8.565532744277762,0.15530003936356596,0.24495047160282346,0.0018162398668634151,0.02614887736474247,0.9999933893038647,0.09651745370497869
192,25,Danusertib,Dactolisib,CAL148,0,0.5004397502839831,0.5760663750588269,0.0625300205290156,0.06393667068933409,0.06593614227231026,9.99999999999999,1.7400542610397312,0.5501541712272346,0.8604390899394775,0.0534750848345265,0.018355997847610623,0.9999933893038647,0.4881864584465997
192,26,Dasatinib,Dactolisib,CAL148,1,0.9999933893038647,0.9999933893038647,0.07412104384884625,0.07438228114761045,0.07412104212926894,8.460891086817982,1.2162044635212133,0.03185761284014997,0.9276666188645101,2.9067109561166917e-07,0.012742816376009887,0.9999933893038647,0.3322074448666387
192,27,SNS-032,Dactolisib,CAL148,0,0.9999933893038647,0.9999933893038647,0.0735945192011872,0.08042608335812675,0.07359447250258917,2.140292926032127,1.371566481031743,0.6699885592270529,0.9674092658067834,0.07235228714327177,0.025994959620363734,0.9999933893038647,0.5464039272879614
192,28,Indibulin,Dactolisib,CAL148,0,-4.355706946133794,-3.1945140496781814,0.05893267513997256,0.06169293620429774,0.06786364269965622,9.837722875282399,1.9905695603466682,0.9994404290463172,0.8245426014112779,0.007068194854533931,0.018978953282756027,-0.31439462254117295,0.4144923692824629
192,29,Dinaciclib,Dactolisib,CAL148,0,0.6284360739375645,0.6456489140593507,0.06564263900474133,0.0663180113467723,0.06667771402284307,9.999999999999998,2.4885380661897165,0.7427587122980066,0.8247822335554431,0.03639868124902704,0.018973548951672976,0.9999933893038647,0.5127328655173641
192,30,TAK-901,Dactolisib,CAL148,0,-4.999993389303865,-4.999993389303865,0.12194848300218097,0.1345200258086463,0.14469621131094448,9.999998875559132,1.7253448290451647,0.30174302430318306,0.9096890679216476,0.1575262838226547,0.033867362836138774,0.9999933893038647,0.5079099153961902
192,31,Trametinib,Dactolisib,CAL148,0,-0.5689359375164734,-0.8212925349664194,0.04934361758278091,0.049487080381138616,0.050566344579214245,1.1121789319658832,1.3286735482054606,0.2688057249601654,0.9263682251656916,0.0009248463507358853,0.027064108868539827,0.9999933893038647,0.35990942385001057
192,32,Teniposide,Dactolisib,CAL148,0,-4.999993389303865,-4.999993389303865,0.05347483835515237,0.08232596980733996,0.10386343904460274,1.0988420439176225,1.6040947934614467,0.5168452956874612,0.8886515414240481,0.01999762781338614,0.017979530106185533,0.9999933893038647,0.4895356770307985
192,33,Floxuridine,Dactolisib,CAL148,0,0.9999933893038647,0.9999933893038647,0.062175682598949074,0.07467115327715536,0.062175599693558944,2.2023265571569257,1.42448326234036,0.21109502615168954,0.9538633211498913,0.013068597775192394,0.02136671942775204,0.9999933893038647,0.4061798121367464
192,34,Refametinib,Dactolisib,CAL148,0,-4.999993389303865,-3.6755644670344476,0.04878668843233566,0.06229210644908474,0.06586345089055916,9.999999652716332,1.6291490608400112,0.04226653490464837,0.8822747442114517,0.0316472671580291,0.01369903559202604,0.9999933893038647,0.38063445302759735
192,35,Navitoclax,Dactolisib,CAL148,0,-4.999993389303865,-4.999993389303865,0.05321826754584231,0.07045744997406461,0.07798241346049146,9.948781522950107,1.768760996523625,0.20320184384045464,0.8749980867097802,6.079376541427218e-07,0.011515419664318753,0.9999933893038647,0.3804634207413069
192,36,BIIB021,Dactolisib,CAL148,0,-1.4608917941852553,-0.664914978606905,0.04931031230880404,0.050372861726445534,0.05796602253209457,9.993628654227559,1.453038585195531,0.7875703052120419,0.9300876620061643,1.7306889910961297e-05,0.018500682717746728,0.9999933893038647,0.49168103883359754
192,37,GSK269962,Trametinib,CAL148,0,0.9999933893038647,0.9999933893038647,0.09133047738409523,0.09698734102316542,0.09133044016865415,1.8716176671388143,0.26377568747159874,0.39475738178487085,0.1175413876108806,0.007450485977309599,0.020104325644926396,0.9999933893038647,0.0889013139502376
192,38,GDC-0068,Trametinib,CAL148,0,-4.999993389303865,-4.325364749339856,0.05497206931235983,0.06573874419025813,0.07128138841127486,1.508573351410074,1.7486314215726884,0.9999999999999999,0.13608391623858812,0.020602828833549917,0.021532996318140388,0.9999933893038647,0.3234012671103791
192,39,Nintedanib,Trametinib,CAL148,1,0.9999933893038647,0.9999949051552216,0.0651805885712027,0.06518063851367496,0.06518058857087254,1.723090153752879,0.22850346577560648,0.0016603379228096004,0.3885850054205383,2.894312983418195e-06,0.03677307559004315,0.9999933893038647,0.03305049926863432
192,40,Everolimus,Trametinib,CAL148,0,-4.999993389303865,0.9999949051552216,0.05071882020103291,0.05072012534310607,0.05072038639061743,1.8548423910623935,2.7759665397100775,0.4163956428359335,0.03778938262890444,0.018109072470570517,3.0728821377864978e-06,0.9999933893038647,0.26344506791041855
192,41,Olaparib,Trametinib,CAL148,0,-4.999993389303865,0.9999949051552216,0.0337043081476096,0.033704308171994636,0.03370430817687165,1.723090153752879,2.7759665397100775,0.0016603379228096004,0.03778938262890444,2.894312983418195e-06,3.0728821377864978e-06,-4.999993389303865,0.016163660678787047
192,42,SCH772984,Trametinib,CAL148,1,-4.999993389303865,-4.999993389303865,0.0374932540305342,0.03944803852238241,0.03986138441206865,9.558328487660619,0.5303119805277161,0.08135705694960568,0.6086990288659873,1.8105025905296662e-07,0.010320941677210796,0.9999933893038647,0.04457915309109878
192,43,ABT-199,Trametinib,CAL148,0,0.9999933893038647,0.9999949051552216,0.0741872301535616,0.07418731558963998,0.0741872301529968,1.723090153752879,0.7858478410235838,0.0016603379228096004,0.10487254233713741,2.894312983418195e-06,0.018695506109255335,0.9999933893038647,0.0053583032266195695
192,44,Tosedostat,Trametinib,CAL148,0,0.9999933893038647,0.9999933893038647,0.06639089044321471,0.0676677539507411,0.06639088248848939,1.05920799496956,2.1903985864967,0.1428032829821227,0.10195281221338971,0.010755932005470018,0.019310662251421768,0.9999933893038647,0.04185556475465455
192,45,Navitoclax,Trametinib,CAL148,0,0.9999933893038647,0.9999933893038647,0.06585477196535297,0.06604617084283708,0.06585477108779353,9.801370175060592,0.7873340465536989,0.08204599006588152,0.9999999999999998,1.9438624308870036e-06,0.016426495773198876,0.9999933893038647,0.043719552093608366
192,46,Iniparib,Trametinib,CAL148,0,0.9999933893038647,0.9999949051552216,0.059938163332745764,0.05993822642274015,0.059938163332328695,1.723090153752879,9.999999999999995,0.0016603379228096004,0.11690408295588871,2.894312983418195e-06,0.007294177880680055,0.9999933893038647,0.010206119354660897
192,47,Entinostat,Trametinib,CAL148,0,-4.999993389303865,-4.999993389303865,0.043329231504928595,0.04548145678739124,0.04592222235014841,9.807715461248025,9.99999999999991,0.13355385079953053,0.032062773242870365,4.207568543041701e-07,0.0024782327104040003,0.9999933893038647,0.027632717966444002
192,48,Pictilisib,Trametinib,CAL148,0,-1.1818746617728209,-0.6569360534460539,0.053456323394038524,0.05379118804748774,0.05464727104973924,9.999729948137126,9.99988650140741,0.7236489925216167,0.07062308529307376,1.5843538232864934e-06,0.026012879897834774,0.9999933893038647,0.08162631348164423
192,49,GDC-0068,Dactolisib,CAL148,1,0.6806720410912046,0.6409385561416984,0.0558235683840229,0.056887471533049454,0.05685546321536085,2.1673814414412553,1.4704303134253884,0.9794100769572492,0.9127465668539351,0.019424562511518754,0.02042993221673598,0.9999933893038647,0.5421209059627162
192,50,KX2-391,Trametinib,CAL148,1,-4.999993389303865,-4.999993389303865,0.03664269276324729,0.047746238828406916,0.050624553065923526,9.999909289296856,0.44361501418799737,0.788412463114789,0.5370331170160317,0.001944463843239557,0.009816203706192765,0.9999933893038647,0.3624783192400537
192,51,Linsitinib,Trametinib,CAL148,1,0.9999933893038647,0.9999949051552216,0.045254138186437746,0.04525418771747399,0.045254138186110314,1.723090153752879,0.7186528267970629,0.0016603379228096004,0.9999999999995104,2.894312983418195e-06,0.01253336150835304,0.9999933893038647,0.011849307535724465
192,52,Ponatinib,Trametinib,CAL148,1,-4.999993389303865,0.9999949051552216,0.03196195593889155,0.0319621638382267,0.031962205418484366,1.723090153752879,9.784901408070587,0.0016603379228096004,0.05826715318886408,2.894312983418195e-06,1.384872284344614e-07,0.9999933893038647,0.016196246160372692
192,53,AVN944,Dactolisib,CAL148,0,0.31892325174714026,0.2894323581427786,0.04093279560193017,0.041180275782282644,0.04390193232120596,3.007140981161986,1.8749528070236243,0.7031792963129487,0.8639476768410667,0.00029221954832752317,0.009342852822082727,0.9999933893038647,0.4322498975269639
192,54,Everolimus,Dactolisib,CAL148,2,-4.999993389303865,-4.999993389303865,0.1696167542762158,0.21041365430818187,0.2264445576924653,1.320103488935988,1.493053150190245,0.38751009020504307,0.9455692263018846,0.016965234616720098,0.020099753822109632,0.9999933893038647,0.6323946345616168
192,55,Danusertib,Dactolisib,CAL51,0,0.5617826984449007,0.5839988976102694,0.055049665094876105,0.0580304398092702,0.05847079771220856,1.5730739308133912,1.065823214162765,0.5466512461880209,0.8423364631971091,0.01443575210493916,0.012926332413864993,0.9999933893038647,0.5108704369348946
192,56,Dasatinib,Dactolisib,CAL51,1,-0.822022386400527,-0.8057157755967925,0.019092663779874286,0.02828877923167618,0.06817252496557721,0.9981712576135666,1.290296763909489,0.6501607636973505,0.8206018897988226,0.014500474381911332,0.013322289231004406,0.9999933893038647,0.6349153094774781
192,57,SNS-032,Dactolisib,CAL51,0,-0.5010324199718384,-0.40846761798530024,0.032144560775066104,0.03316396639435888,0.050262440839937125,1.7546320453732411,1.1365909018000135,0.9502425205751202,0.8370692650617794,0.021624679507663086,0.023360521408746917,0.9999933893038647,0.6758186674583333
192,58,Indibulin,Dactolisib,CAL51,0,-4.999993389303865,-4.999993389303865,0.06576136934337361,0.08932163664655715,0.10695630264270478,1.56644438973535,1.1434372365063756,0.8033499086171223,0.8171941490444455,0.008380972934706486,0.008853250170394756,0.9999933893038647,0.5810600202858256
192,59,Dinaciclib,Dactolisib,CAL51,0,-0.6376221526185802,-0.5933459705731886,0.02436977162326234,0.025778956103591332,0.04047415746787621,3.742108070115665,1.4358770248923183,0.9430019982552703,0.7913568653008374,0.005538883953231413,0.018525900670682244,0.9999933893038647,0.5920408163265306
192,60,TAK-901,Dactolisib,CAL51,0,-0.753789054319597,-0.7985844525468079,0.03666642499345023,0.039714802715359245,0.06358264888990517,1.0771382611680311,1.4239670711572745,0.8259723546709069,0.7971123031960273,0.02058727471886636,0.03788362900792504,0.9999933893038647,0.5789115677894799
192,61,Trametinib,Dactolisib,CAL51,0,0.9999933893038647,0.9999933893038647,0.031751125993757394,0.0357859758992441,0.03175110970905975,1.0303459019869967,1.2447809791670645,0.20725957593300798,0.832055103154255,0.009606902069538218,0.007300052092523306,0.9999933893038647,0.4370405050018703
192,62,Teniposide,Dactolisib,CAL51,0,0.5158391831550305,0.5426047170623014,0.036125573290152466,0.03975368041748013,0.043564948181636094,1.6341038574341995,1.1464730434671955,0.6724327908650966,0.8509806717871025,0.011114781299344446,0.03421390049723199,0.9999933893038647,0.5534223135652472
192,63,Floxuridine,Dactolisib,CAL51,0,0.9999933893038647,0.9999933893038647,0.06998126389747208,0.10260280739088433,0.06998097729856635,2.0156235541459635,0.9484220027736129,0.5875090928495312,0.8871696046232105,0.01810995726477537,0.013022487162529198,0.9999933893038647,0.5129605644339857
192,64,Refametinib,Dactolisib,CAL51,0,-1.4447190290637433,-1.4101923098667084,0.03278156363531376,0.034426907948213764,0.038005669732134546,7.90840965528277,1.1529082494707237,0.14487779157145977,0.8213899919134823,0.004010541671769077,0.010932346535541591,0.9999933893038647,0.44756109211740214
192,65,Navitoclax,Dactolisib,CAL51,0,-4.999993389303865,-4.999993389303865,0.036565849701480115,0.043829282458150605,0.045953060549457525,9.893712320345102,1.4300586564472388,0.04786594807967661,0.7831788131669232,2.3495954157166027e-07,0.01935286302809199,0.9999933893038647,0.4018671874740067
192,66,BIIB021,Dactolisib,CAL51,0,0.9999933893038647,0.9999933893038647,0.02758999137385616,0.05003665993132305,0.027589758564109095,3.226898262868429,1.2363744535972934,0.896815445315407,0.8277146788299694,0.0003077833063077042,0.011073682023454644,0.9999933893038647,0.5072517732434755
192,67,GSK269962,Trametinib,CAL51,0,0.9999933893038647,0.9999933893038647,0.048182527331940395,0.05152018584575465,0.04818250597024879,3.0659313560006494,0.316543113753878,0.35013087050927166,0.4463139843043778,0.025234578923048024,0.023578808374434188,0.9999933893038647,0.10275270865407682
192,68,GDC-0068,Trametinib,CAL51,0,-2.8416239044339013,-2.8249239416878917,0.028171476949575273,0.031383906979955876,0.03419267640635012,1.7664680804215784,1.435555929177818,0.5602890193424022,0.11504910168822405,0.0034543203335013323,0.0035449232986486043,0.9999933893038647,0.15298264565618572
192,69,Nintedanib,Trametinib,CAL51,1,0.9999933893038647,0.9999933893038647,0.07637968529295047,0.07856071693456279,0.07637967401823666,9.990281706023794,0.7947563027476591,0.25861901675095084,0.5715895076121267,1.5046802418900705e-06,0.02018523920064096,0.9999933893038647,0.10206726656914725
192,70,Everolimus,Trametinib,CAL51,0,0.9999933893038647,0.9999933893038647,0.03046601419702183,0.03277119929117612,0.030466007170199663,0.9733681567491886,9.999999999943734,0.5655985781797904,0.08228773558308441,0.038186974853597594,0.0009787441495633948,0.9999933893038647,0.3610044381860402
192,71,Olaparib,Trametinib,CAL51,0,0.9999933893038647,0.9999933893038647,0.032626819527128925,0.03271323718425142,0.03262681928360049,8.419751865361253,2.5817676194216506,0.2579644259702199,0.09997124861786655,0.010910464468728984,0.00018304325923819656,0.9999933893038647,0.04589065634373043
192,72,SCH772984,Trametinib,CAL51,1,-4.999993389303865,-4.999993389303865,0.03580730770589397,0.04144162655117961,0.04307454523849257,9.99887617719748,0.7746715380519129,0.14614822879441508,0.9999999999999996,9.397110808642014e-07,0.02545645046086263,0.9999933893038647,0.07744878044312292
192,73,ABT-199,Trametinib,CAL51,0,0.9999933893038647,0.9999933893038647,0.050477043123604265,0.050671453969913724,0.05047704184538925,9.9999998555633,1.3051613285960966,0.009232784978350625,0.16664974430711563,0.004939159656797453,0.011602954933488572,0.9999933893038647,0.03735557247380976
192,74,Tosedostat,Trametinib,CAL51,0,0.9999933893038647,0.9999933893038647,0.03431462062176382,0.03882396725654858,0.03431459574314945,0.675455340794962,0.4608402860011584,0.4435178519178704,0.41270393662970195,0.015460626953905642,0.013943345007607166,0.9999933893038647,0.14015255729739481
192,75,Navitoclax,Trametinib,CAL51,0,-0.10969156284348038,0.9999933893038647,0.04377773653772615,0.0437786362074541,0.04387265962382971,8.738972092015304,0.5235997056179413,0.14836107885511962,0.9999999999999996,0.006959179716839755,0.03330173165131198,0.9999933893038647,0.0776591310831831
192,76,Iniparib,Trametinib,CAL51,0,0.9999933893038647,0.9999949051552216,0.025161188046230253,0.025161223908134137,0.025161188045993182,1.723090153752879,1.3311690905460964,0.0016603379228096004,0.1229830625408948,2.894312983418195e-06,0.006380628587839597,0.9999933893038647,0.03526974371202553
192,77,Entinostat,Trametinib,CAL51,0,-4.999993389303865,-4.999993389303865,0.025039862928173846,0.025913020940063373,0.026200267663698238,9.705608867364852,1.9813249069504233,0.13403857900131105,0.1364913546052254,4.4840333764337277e-07,0.0002908474461748916,0.9999933893038647,0.034821640119770514
192,78,Pictilisib,Trametinib,CAL51,0,-1.4379456846417311,-1.55680592033619,0.044805184137020164,0.0458192429623025,0.04822193330939171,1.3532272822128841,7.0306122254617645,0.9686996479551253,0.2126001185319609,0.008660256594928476,0.008627573898105026,0.9999933893038647,0.1895523662345102
192,79,GDC-0068,Dactolisib,CAL51,1,0.7474951360047252,0.8125257707817033,0.039384229558650556,0.04563074832417984,0.041021563603632,1.3114103733531748,1.1910763279097123,0.6821620789121571,0.8452230146181665,0.012485078290417506,0.02641569171819505,0.9999933893038647,0.5023276427883654
192,80,KX2-391,Trametinib,CAL51,1,0.9999933893038647,0.9999933893038647,0.054391322461254936,0.05776699736213789,0.05439130725310522,2.246959389958848,0.8112144183881316,0.8540526921100965,0.25042322026156877,0.023964991580757995,0.00822989699228649,0.9999933893038647,0.4192886071172708
192,81,Linsitinib,Trametinib,CAL51,1,0.9999933893038647,0.9999933893038647,0.04948524613900331,0.04960693832630656,0.049485245365154695,9.328128068064979,0.4419434583126723,0.05188654185600081,0.9999999999999999,1.7286310500482352e-07,0.008784603331874969,0.9999933893038647,0.05610770384367156
192,82,Ponatinib,Trametinib,CAL51,1,-4.450468776520965,-4.999993389303865,0.059897703948098666,0.06229852537379619,0.06372836864667658,1.8944834840655187,5.665013753606918,0.9999999999999999,0.08847744269058451,0.028414264731082845,0.0025041060629976694,0.9999933893038647,0.2150579814550451
192,83,AVN944,Dactolisib,CAL51,0,0.8761150282328934,0.8811046260559233,0.02835961780397655,0.03563053486663269,0.028917566845790634,2.5421904819181913,1.3285880516436397,0.8325456758291955,0.8075500703357743,0.007487699918535462,0.02825245633846504,0.9999933893038647,0.5057367778899149
192,84,Everolimus,Dactolisib,CAL51,2,-2.5432221405990445,-2.319341168297136,0.062485413996506915,0.07671788066692575,0.10182740361742978,1.5947546532803336,1.0309446994453841,0.4951446443820755,0.8519834559752125,0.014443399313784829,0.017555060819188954,0.9999933893038647,0.6446499823008638
192,85,Danusertib,Dactolisib,DU4475,0,0.8557936252550515,0.8788437607749349,0.07471513288874994,0.07836137864264782,0.07494188369720649,1.2463671752102317,1.312783904231762,0.7035198719399576,0.9913956794906683,0.027712986695850775,0.005989520464124605,0.9999933893038647,0.48089133891931635
192,86,Dasatinib,Dactolisib,DU4475,1,-4.999993389303865,0.9999949051552216,0.07432842621537178,0.074328540664961,0.07432856356331746,1.723090153752879,1.1581966089230427,0.0016603379228096004,0.9838453030557339,2.894312983418195e-06,0.02776879792047578,0.9999933893038647,0.39242439651626393
192,87,SNS-032,Dactolisib,DU4475,0,0.7921602967948188,0.7856206077338591,0.03425275205105063,0.0364464678123877,0.03492416098310055,3.024167615304034,1.643157530843794,0.9841848137224071,0.9693739241687831,0.0030574221017515297,0.0201771316437569,-4.999993389303865,0.7071428571428571
192,88,Indibulin,Dactolisib,DU4475,0,-4.999993389303865,-4.999993389303865,0.1101521177500438,0.1164655905857439,0.11956080868653222,1.8758259865002624,1.864559329576637,0.9999999999999999,0.9353961150165859,0.009129465735034816,0.010581522699305651,-0.9032339847429435,0.5234400759192743
192,89,Dinaciclib,Dactolisib,DU4475,0,-4.999993389303865,-4.999993389303865,0.04492264687089673,0.04629504448723727,0.047583110222044395,3.7277975369343603,1.7465045652409883,0.9830569045691607,0.9671021734996655,0.005765724288527352,0.009925567517190932,-4.999993389303865,0.6270299822833435
192,90,TAK-901,Dactolisib,DU4475,0,-4.999993389303865,-4.999993389303865,0.04618053386761955,0.063060131181299,0.07428484346254527,1.5542256045781673,1.481443032751652,0.9999999999999999,0.9769743364786355,0.014504471926894351,0.022304422399500607,0.12403735813461893,0.4992386695989299
192,91,Trametinib,Dactolisib,DU4475,0,0.8295139610681257,0.9999933893038647,0.07481914823844263,0.0783062348035503,0.0753558016733716,1.854423193218563,1.033081426691144,0.9999999999999999,0.9999999999999999,0.03626806355283585,0.056262591662270704,0.5374882422445,0.6913689983131902
192,92,Teniposide,Dactolisib,DU4475,0,-1.483016620774158,-1.0565098563560198,0.04475473113386325,0.048460661817069914,0.06248870348322847,0.9429933531445631,1.5407498232700008,0.9999999999999997,0.9525681709312143,0.04696137909561815,0.02727647044918783,0.9999933893038647,0.6701756918048298
192,93,Floxuridine,Dactolisib,DU4475,0,0.9999933893038647,0.9999933893038647,0.05553980474603889,0.0556555930161021,0.055539803981924186,9.999999978513923,1.6568775095688772,0.0040131733464571,0.9702144409966819,0.002146882589226238,0.025648594263810148,0.9999933893038647,0.37140573230870266
192,94,Refametinib,Dactolisib,DU4475,0,0.15902347910017114,0.12403961262292967,0.0456529958741597,0.045716459302131605,0.05103726329725113,1.7003019687352035,1.9582883313292494,0.9999999999999999,0.8880727692155793,0.03826000047808932,0.012657123395534015,0.9999933893038647,0.7021736091254054
192,95,Navitoclax,Dactolisib,DU4475,0,-4.999993389303865,-4.999993389303865,0.04356654718535838,0.0689603602080546,0.08432609895849233,1.4183789490065086,1.7912074640993327,0.9251134899039436,0.9398267202459971,0.011752476324017885,0.012391624950598354,0.7561573086838363,0.518349861950065
192,96,BIIB021,Dactolisib,DU4475,0,-4.999993389303865,-4.999993389303865,0.04080898225522699,0.04929331916859478,0.05430468207661374,5.320812916610157,1.9898985632556823,0.9999663979975427,0.9537271963711195,0.00022436504003962092,0.024779569476463825,-4.999993389303865,0.5888040203058659
192,97,GSK269962,Trametinib,DU4475,0,-4.999993389303865,-4.715271298508016,0.07574860172862304,0.08523618263196615,0.08828286258805142,9.999999999998115,1.8685961261724517,0.08891016434434354,0.9999999999999999,0.014675895352978863,0.04804567088377134,0.9999933893038647,0.5052548816565935
192,98,GDC-0068,Trametinib,DU4475,0,-4.2847050296079106,-3.1800302327355876,0.051694305460289795,0.053908648961277776,0.05556823939575651,9.600504155744446,1.9732140380750232,0.364408812191483,0.9999999999999999,8.500713354178737e-07,0.03191652195978645,0.9999933893038647,0.4986460813737746
192,99,Nintedanib,Trametinib,DU4475,1,-3.793832014900681,-3.1420708226924563,0.06283063851580671,0.06445950181982746,0.0658120964943669,5.440224586580964,1.8320201491166443,0.18868102699040723,0.9999999999999999,7.104490755245728e-07,0.03542595511913293,0.9999933893038647,0.5151704189974705
192,100,Everolimus,Trametinib,DU4475,0,-0.14731590440323658,-0.10570395921087163,0.02668633947905153,0.026814622941505308,0.03837696945599046,1.1460490049169016,2.803058607651333,0.672288910430361,0.9922745414821844,0.02453225512539743,0.008897539745843688,0.9999933893038647,0.6679802302044658
192,101,Olaparib,Trametinib,DU4475,0,-4.999993389303865,-4.999993389303865,0.08004552620350242,0.0915710066818372,0.09639468698571786,9.81391843832264,3.0946171415222548,0.3144678013437718,0.9900299951349881,4.2196226717569583e-07,0.006983582071759611,0.9999933893038647,0.5419565471121748
192,102,SCH772984,Trametinib,DU4475,1,-4.999993389303865,-4.999993389303865,0.05246328871073968,0.07569492238079233,0.08635890431957033,1.3476869994924614,3.132995819335083,0.9999999999999999,0.9996670126508647,0.028767664067156955,0.004493681886930306,-3.2968588003301513,0.7792547235252335
192,103,ABT-199,Trametinib,DU4475,0,-3.842551902277562,0.1284734776777949,0.0590300778809377,0.06497478435503093,0.06946452519371285,0.455966106979145,2.0385689487795293,0.9999999999999999,0.9999999999999999,0.018397186935494147,0.051049321544986766,0.9999933893038647,0.5278817951108258
192,104,Tosedostat,Trametinib,DU4475,0,-4.999993389303865,-3.5021218912709573,0.06594268366236374,0.07532632676087155,0.08193681893033208,2.792339902611691,1.91693854265018,0.28734198215597373,0.9999999999999999,0.030300893864384525,0.03441191960904408,0.9999933893038647,0.5876631042725492
192,105,Navitoclax,Trametinib,DU4475,0,-4.999993389303865,-4.999993389303865,0.0639477708976138,0.09233362562136446,0.10566801327423747,1.5361401900509468,1.8866569832925426,0.6472754881147695,0.9999999999999999,0.006956782931600053,0.032082944441067594,0.9999933893038647,0.613118651885392
192,106,Iniparib,Trametinib,DU4475,0,-4.999993389303865,-3.43875576295256,0.04207310342804517,0.05062221167816604,0.05486817877652876,0.35930084594243933,2.810684002492118,0.9999999999999999,0.9983512864618206,0.04425735336625094,0.010144555268152871,0.9999933893038647,0.5051729380644139
192,107,Entinostat,Trametinib,DU4475,0,-4.999993389303865,-4.999993389303865,0.09485634224055518,0.1063714818671896,0.1119526430997374,9.99999996518253,3.0180800386529616,0.7934151646431734,0.9932137793416338,1.6411796557902047e-06,0.006443480781687805,-4.999993389303865,0.5516832818167485
192,108,Pictilisib,Trametinib,DU4475,0,-4.999993389303865,-4.999993389303865,0.06153357873847611,0.08365800990941752,0.09427169123280821,1.6843358586717967,2.709541722577507,0.49374957355628507,0.9999999999999999,0.0010299595607688524,0.02294328756497794,0.9999933893038647,0.5895682726132238
192,109,GDC-0068,Dactolisib,DU4475,1,0.9462674844996096,0.8181924829789339,0.08316555367087149,0.08413299530364,0.08316966531381707,2.5629357679594102,1.6243805611721285,0.25476866226645994,0.9267428192635933,0.0025523952328575113,0.038483238306528056,0.9999933893038647,0.39996906533217524
192,110,KX2-391,Trametinib,DU4475,1,-0.19463274270409658,-0.2030521702558736,0.06540030628947549,0.06540891944341061,0.06735476324994323,9.999982356482537,1.6450323385404662,0.91604554566371,0.9999999999999999,0.014071618293338074,0.042954233270703385,0.9999933893038647,0.6845553066778782
192,111,Linsitinib,Trametinib,DU4475,1,-4.999993389303865,-4.999993389303865,0.04912194949967008,0.05780362942836708,0.06072176174416476,9.6771158635608,2.072353940130771,0.315190522995304,0.9999999999999999,6.732216489575716e-07,0.04004084217595091,0.9999933893038647,0.5138280704961726
192,112,Ponatinib,Trametinib,DU4475,1,-4.999993389303865,-4.999993389303865,0.06792195712414205,0.08759343662017476,0.09562782432592008,1.7605081307164137,2.993106517553983,0.9999999999999999,0.9952863839470601,0.03101827179706157,0.011116217936422645,-4.999993389303865,0.5940716523620811
192,113,AVN944,Dactolisib,DU4475,0,0.9999933893038647,0.9999933893038647,0.05817785639413156,0.06373528021334088,0.058177826587038385,9.99900753108323,2.7738350517300727,0.917549849229974,0.8944648632925866,9.269503131979332e-06,0.004760731027921668,-4.999993389303865,0.4813496581370506
192,114,Everolimus,Dactolisib,DU4475,2,-4.999993389303865,-4.999993389303865,0.19309216977530247,0.21395288403629958,0.2259084748140697,2.625008364022135,1.8824191165123245,0.6163919515161668,0.9733660909647956,0.042811432104493126,0.014881038129565947,0.9999933893038647,0.7098183696633028
192,115,Everolimus,Dactolisib,HCC1599,2,0.9999933893038647,0.9999933893038647,0.13894401155227945,0.14348837228488825,0.13894398103412878,9.99999998935099,1.5910041906811518,0.06858876299447869,0.9999999999999994,0.10588884823487937,0.10595614967658733,0.9999933893038647,0.016922203672274146
192,116,Trametinib,Dactolisib,HCC1599,0,0.9999933893038647,0.9999933893038647,0.13914842646148973,0.1397621679945211,0.139148422450996,9.999999882315445,5.412369977997474,0.01967843451142841,0.2473380173236606,0.016795883308326074,0.03685946154459079,0.9999933893038647,0.12276677106676631
192,117,Refametinib,Dactolisib,HCC1599,0,0.9999933893038647,0.9999933893038647,0.13586517345186594,0.136604239231438,0.13586516903809887,8.974410871560508,1.739213798139472,0.38101670762652695,0.9999999999999999,0.011661790603574845,0.05395892066240031,0.9999933893038647,0.12309418092774074
192,118,Indibulin,Dactolisib,HCC1599,0,0.9999933893038647,0.9999933893038647,0.13712095971473878,0.1387962764231135,0.1371209488027023,9.999999996606338,6.0167698299737316,0.17082403300514087,0.03351084172587117,0.1070539674882735,0.05343367117162514,0.9999933893038647,0.07128301318642254
192,119,GSK269962,Trametinib,HCC1599,0,0.9999933893038647,0.9999933893038647,0.10060003737266981,0.10256035229074516,0.10060002444139605,9.9999998186666,9.999999999996232,0.04282341240902493,0.1025124225640703,0.07240975876860146,0.05041726260465284,0.9999933893038647,0.03228738301157059
192,120,Navitoclax,Trametinib,HCC1599,0,0.9999933893038647,0.9999933893038647,0.0995029661009198,0.10179503322649151,0.09950295128996946,7.343868138153561,9.999999999711088,0.11281597364509927,0.0912477752590183,0.08208083956639335,0.05226239170554534,0.9999933893038647,0.05135179362380514
192,121,Ponatinib,Trametinib,HCC1599,1,-0.4325964551818569,0.9999933893038647,0.1142159607913157,0.11423409992962759,0.11443171069533477,7.7498861308162414,9.999999999978684,0.714949595573223,0.12362988375003135,0.10371157209993453,0.04903095300690071,0.9999933893038647,0.1320455166950667
192,122,Olaparib,Trametinib,HCC1599,0,0.9999933893038647,0.9999933893038647,0.18556072727018919,0.18725201077572023,0.18556071606428506,9.99999366857018,0.8377533086031014,0.01616831951464287,0.4483284665448453,0.015378056786532174,0.038401452893195194,0.9999933893038647,0.09324051970700059
192,123,ABT-199,Trametinib,HCC1599,0,0.9999933893038647,0.9999933893038647,0.08993562072553365,0.09093357316213124,0.08993561413539296,8.353186613265152,8.47584825870621,0.024844289883808744,0.14116872071972072,0.06085582396947106,0.013023101113981252,0.9999933893038647,0.029376362628404495
192,124,SCH772984,Trametinib,HCC1599,1,-4.999993389303865,-4.999993389303865,0.13768703025944648,0.1533591812460323,0.15922129032654098,0.9892942044203709,1.49741733795607,0.9999999999999999,0.9999999999999989,0.030221318708013437,0.025897571928081967,0.4928199607081022,0.28894111704517894
192,125,Entinostat,Trametinib,HCC1599,0,0.9999933893038647,0.9999933893038647,0.1309633071446461,0.13365581317908956,0.13096328977190586,7.808193201390474,9.999999862028277,0.12074088712489366,0.05595959387525882,0.1691036733494494,0.06320906207906866,0.9999933893038647,0.09548774352142271
192,126,Iniparib,Trametinib,HCC1599,0,0.9999933893038647,0.9999933893038647,0.09822890876712868,0.09934692449634454,0.09822890162267423,9.99790922526422,9.999999929118099,0.05828956582340127,0.09562054375271574,0.06825759593359171,0.036034179817505674,0.9999933893038647,0.07052525077552833
192,127,Everolimus,Dactolisib,MCF-10A,2,0.9999933893038647,0.9999933893038647,0.05381102899503517,0.091064376108685,0.05381078141748909,0.7477287791157597,0.9599095500282127,0.4401697750544233,0.6962060593854954,0.017376649788134864,0.018879227480427453,0.9999933893038647,0.48734847731037356
192,128,Trametinib,Dactolisib,MCF-10A,0,0.9999933893038647,0.9999933893038647,0.0517169500592353,0.06065377686930803,0.05171694736739965,0.8449263898388982,1.010069575758602,0.7100384083682877,0.6966780239596404,0.013684010457339333,0.03167723496220144,0.9999933893038647,0.3872621855723893
192,129,Refametinib,Dactolisib,MCF-10A,0,0.9999933893038647,0.9999933893038647,0.0679953052529411,0.07468220679275867,0.0679952975604838,1.2295378443258629,0.7787773827207942,0.6224237197989618,0.783860258910428,0.005580427698906474,0.030917210303908906,0.9999933893038647,0.38645090108809554
192,130,Indibulin,Dactolisib,MCF-10A,0,-3.9492660794003887,-2.5169519383727526,0.07668274295721592,0.08832101064744183,0.10210509429852192,0.8614905522336637,1.7917663592722606,0.9999999999999999,0.6206859314376278,0.021660507653178892,0.021163227974624783,0.9999933893038647,0.4355872311640271
192,131,GSK269962,Trametinib,MCF-10A,0,0.9999933893038647,0.9999933893038647,0.09169274585368503,0.1107552134270745,0.09169261383489839,2.923641950201087,1.0840591944897293,0.2954833490197223,0.47051853154037615,0.015484042791878396,0.012123219008549091,0.9999933893038647,0.21326530612244896
192,132,Navitoclax,Trametinib,MCF-10A,0,-4.999993389303865,-4.999993389303865,0.060323807995016125,0.07222506633778843,0.07632676427178621,8.73520065810817,1.425293633072711,0.13776083681212845,0.4395749346637773,2.4232711376511823e-07,0.015250925717259205,0.9999933893038647,0.19324269634924074
192,133,Ponatinib,Trametinib,MCF-10A,1,0.9999933893038647,0.9999933893038647,0.11832280656816505,0.12852111247406203,0.11832274225109458,8.38202019348196,0.3518944558043794,0.49366662283272633,0.9999999999999991,0.019176288708877547,0.03049257285988824,0.9999933893038647,0.19429955430073914
192,134,Olaparib,Trametinib,MCF-10A,0,0.9999933893038647,0.9999933893038647,0.09680027668564208,0.09711631567985204,0.09680027489048884,9.928091029075167,0.41091225717196017,0.09414190888862538,0.9011527509411836,2.3221111553321135e-07,0.029646627537135074,0.9999933893038647,0.16370732729845316
192,135,ABT-199,Trametinib,MCF-10A,0,0.9999933893038647,0.9999933893038647,0.12060347025718908,0.12060367416563156,0.12060347025584109,2.5652717296834946,0.42324665711870696,0.026904349798414214,0.7847143152401187,0.00010252248205822338,0.02382919137996799,0.9999933893038647,0.1556793373978884
192,136,SCH772984,Trametinib,MCF-10A,1,-0.07960831294887012,0.013629361248526555,0.042249628818391845,0.04227046185377264,0.04700550180685273,0.9248926008786663,1.5934106439116624,0.6365109252168664,0.3985249206482334,0.02385247640053676,0.006291227961026445,0.9999933893038647,0.27704149172707565
192,137,Entinostat,Trametinib,MCF-10A,0,-4.999993389303865,0.9999949051552216,0.04423954610527435,0.0442404521834017,0.04424063340905102,1.723090153752879,1.361366709668076,0.0016603379228096004,0.40562512183291716,2.894312983418195e-06,0.005485309664485885,0.9999933893038647,0.1451027276091699
192,138,Iniparib,Trametinib,MCF-10A,0,-4.999993389303865,-4.999993389303865,0.03494223661414551,0.03520263088153145,0.03525650085412658,5.09026271294783,1.0195691060387655,0.06576918895617512,0.5139611602824632,2.3167435754275835e-06,0.016205465974531777,0.9999933893038647,0.1580346137083201
192,139,Everolimus,Dactolisib,MDAMB-436,2,0.9999933893038647,0.9999933893038647,0.2646947526563699,0.3191085395699285,0.2646943430571857,1.2792028015656491,0.15537281690486507,0.41007950120847025,0.9999999999999999,0.03427391303841755,0.02328544101900745,0.9999933893038647,0.26387814834291
192,140,Trametinib,Dactolisib,MDAMB-436,0,0.9999933893038647,0.9999949051552216,0.13214014366681168,0.1321402426797635,0.13214014366615714,2.7759662565056464,0.692357755253946,0.03778937801039329,0.4719530724773796,3.072883215844204e-06,0.014383308584225872,0.9999933893038647,0.18400573002942883
192,141,Refametinib,Dactolisib,MDAMB-436,0,0.9999933893038647,0.9999949051552216,0.14136491079011912,0.14136507042796073,0.1413649107890638,1.723090153752879,0.5032757123516384,0.0016603379228096004,0.8544849527314345,2.894312983418195e-06,0.023451125839035927,0.9999933893038647,0.2589795918367347
192,142,Indibulin,Dactolisib,MDAMB-436,0,0.9999933893038647,0.9999933893038647,0.15316703978091478,0.16256173020470485,0.15316699422074648,0.3082645605444796,2.383609465805184,0.9999999999999999,0.2825140784732475,0.09170830955372655,0.007243940611628991,0.9999933893038647,0.33391527833628626
192,143,GSK269962,Trametinib,MDAMB-436,0,-4.999993389303865,0.9999949051552216,0.021938494296967686,0.021938593411998202,0.021938613246720074,9.881464792965764,2.7759662565056464,0.42656935927612727,0.03778937801039329,5.732844504089634e-07,3.072883215844204e-06,0.9999933893038647,0.07068485158135801
192,144,Navitoclax,Trametinib,MDAMB-436,0,0.6951337414407622,0.6951419844180682,0.06313286726409897,0.06358348159147711,0.06326319265676214,8.50806767318102,9.996921791856611,0.4404065051981331,0.46043189636287923,7.965425335946424e-07,7.980153414627959e-07,0.9999933893038647,0.16547859932139894
192,145,Ponatinib,Trametinib,MDAMB-436,1,0.9999933893038647,0.9999933893038647,0.23660663796162568,0.25252346929543673,0.23660653095115539,0.2671587295897397,9.092497414980716,0.9999999999999999,0.1148122710775466,0.06403750449735945,0.07461184466536278,0.9999933893038647,0.08452708006279436
192,146,Olaparib,Trametinib,MDAMB-436,0,0.9999933893038647,0.9999933893038647,0.1398984132316629,0.14093798552952494,0.1398984064769959,9.945038223010622,9.999999999995266,0.13765269899425622,0.16878628949974875,3.245979746146655e-07,0.03915381709405368,0.9999933893038647,0.016284310927168064
192,147,ABT-199,Trametinib,MDAMB-436,0,0.9999933893038647,0.9999949051552216,0.2782355631347492,0.27823582027716287,0.2782355631330493,1.723090153752879,0.31934975206051647,0.0016603379228096004,0.9999999999999999,2.894312983418195e-06,0.04829065722440045,0.9999933893038647,0.09324455306598162
192,148,SCH772984,Trametinib,MDAMB-436,1,0.9999933893038647,0.9999949051552216,0.2207368623214104,0.22073709863526172,0.22073686231984818,0.2864745844565881,2.7759662565056464,0.9999999999999999,0.03778937801039329,0.05557268154575995,3.072883215844204e-06,0.9999933893038647,0.08299958969601824
192,149,Entinostat,Trametinib,MDAMB-436,0,0.9999933893038647,0.9999949051552216,0.03637253027940864,0.03637253278293389,0.03637253027939209,9.999295299857241,2.7759662565056464,0.6072062160297271,0.03778937801039329,1.861863421620354e-06,3.072883215844204e-06,0.9999933893038647,0.04655463584035017
192,150,Iniparib,Trametinib,MDAMB-436,0,0.47033725572953855,0.47037171109658404,0.045289616264657113,0.04539075033856657,0.04544411905265359,9.999652901354692,9.95454542899654,0.438943626772535,0.4407590038216207,9.746059200134503e-07,4.6709145881192214e-07,0.9999933893038647,0.11640517220874363
192,151,Danusertib,Dactolisib,MDAMB231,0,0.9999933893038647,0.9999933893038647,0.0462269279183006,0.05206760626528599,0.046226909360594245,4.373072674677743,1.1679999263479386,0.28203426489805333,0.4993700195027694,0.013094094982229878,0.019426387596974976,0.9999933893038647,0.22863390045932186
192,152,Dasatinib,Dactolisib,MDAMB231,1,0.07970394662787623,0.0948950653037519,0.03791508119494366,0.037993308470431086,0.05025932869889008,0.8049287638080935,1.1336155970892525,0.4477104089830427,0.5544692295378266,0.02413185506361458,0.010600979551742622,0.9999933893038647,0.3947694945653246
192,153,SNS-032,Dactolisib,MDAMB231,0,-0.3802912306984322,-0.15029481239761563,0.04522864129900807,0.04583925195186742,0.05814766447976727,1.9051906831345362,1.0009142441199133,0.9004863807640031,0.609215478610038,0.04561005648351829,0.023193059794979126,0.9999933893038647,0.47537648976561475
192,154,Indibulin,Dactolisib,MDAMB231,0,-4.999993389303865,-4.999993389303865,0.06395160620741651,0.09590414757667141,0.11037081504063015,0.6939016920638762,1.3254641747133866,0.9999999999999999,0.4623208190727488,0.030004019802604018,0.01165696553726434,0.9999933893038647,0.3299020739559537
192,155,Dinaciclib,Dactolisib,MDAMB231,0,-2.0070637436991356,-1.9105313039536453,0.045774135211684094,0.05014771892056841,0.06066434497522196,2.3172177493856596,1.1835471583558603,0.8819450996993015,0.5066724014791828,0.0033791021550619985,0.016228973300352195,0.9999933893038647,0.47081988816638504
192,156,TAK-901,Dactolisib,MDAMB231,0,-1.6427234620057254,-1.4185281172767474,0.03845917598468828,0.04779476945321817,0.06832077734393675,0.9773680585451202,1.5587487610496937,0.9999999999999999,0.5238891073740789,0.03394485505248069,0.01927289571547358,0.9999933893038647,0.3884923907550542
192,157,Trametinib,Dactolisib,MDAMB231,0,0.05706202644832257,0.041429305897017495,0.04827671990896332,0.04830561297723751,0.05890898804967938,1.3841460395757332,0.9444319514197603,0.5756554441952554,0.5307088330004616,0.004883292116575293,0.006124802425470333,0.9999933893038647,0.37193135348930745
192,158,Teniposide,Dactolisib,MDAMB231,0,0.9230330851207176,0.931499120980545,0.03877863417780187,0.0424298461192597,0.038813224490047024,0.9903803063635894,1.0267882036152793,0.9999999999999999,0.5354852832435705,0.01383173762889269,0.012039903141201506,0.9999933893038647,0.24622961338453722
192,159,Floxuridine,Dactolisib,MDAMB231,0,0.9999933893038647,0.9999933893038647,0.07854288536884181,0.09264022989702657,0.07854278982695832,1.0854986343536512,0.8425320738476716,0.7870509622035293,0.6302553737625927,0.0051519823566711295,0.010231099343313397,0.9999933893038647,0.2682067439833747
192,160,Refametinib,Dactolisib,MDAMB231,0,-1.282483644593267,-1.1282214430961648,0.03810799966404968,0.04811514777414592,0.07278139694782078,0.6142057204169742,1.5374898571231317,0.8223735864370647,0.4422900997331469,0.02395647490771941,0.0179116780017215,0.9999933893038647,0.4224826899319088
192,161,Navitoclax,Dactolisib,MDAMB231,0,-1.4356082668761416,-1.3420024390306367,0.05141194924353637,0.056680903666833295,0.07066992403297657,1.2328091724369759,1.1593663198155923,0.9999999999999999,0.483273148692905,0.008934700867648504,0.026656052287750878,0.9999933893038647,0.32175332075580115
192,162,BIIB021,Dactolisib,MDAMB231,0,0.9999933893038647,0.9999933893038647,0.04402423995129443,0.05388182342738845,0.044024220751729536,1.3538666963282613,1.3982769710042047,0.7466135935520103,0.49633977456927164,0.013601975146030884,0.026704852324204265,0.9999933893038647,0.32459312960285
192,163,GSK269962,Trametinib,MDAMB231,0,0.9999933893038647,0.9999933893038647,0.20672656230378347,0.22174587180076893,0.20672645803783823,0.6399531472532923,0.8797839378431392,0.264151176787445,0.6112950510944506,0.019539184256030913,0.01296526345657174,0.9999933893038647,0.09612600701978884
192,164,GDC-0068,Trametinib,MDAMB231,0,0.9999933893038647,0.9999933893038647,0.05941834395425962,0.059640154753840526,0.05941834250090447,8.152704433984976,0.9129213805034501,0.03183507071498926,0.6748140640786456,3.2394747546788373e-07,0.005799346800323016,0.9999933893038647,0.1577521727623768
192,165,Nintedanib,Trametinib,MDAMB231,1,0.9999933893038647,0.9999933893038647,0.0846929866884999,0.08517714032127675,0.08469298357881179,8.26790742994824,0.5902795265197119,0.12104175262502656,0.9999999999999999,0.001770954001334299,0.013630848943272449,0.9999933893038647,0.182364438816785
192,166,Everolimus,Trametinib,MDAMB231,0,-1.7973198486773032,-1.6651281942657712,0.04027518305406587,0.049046221248157225,0.06168165881205746,1.1136485483907597,1.0866536077118958,0.19382478822648627,0.6072562854088652,0.03402850873147231,0.01487838148778501,0.9999933893038647,0.28273181956633425
192,167,Olaparib,Trametinib,MDAMB231,0,0.9999933893038647,0.9999949051552216,0.04441514075560975,0.04441516226946166,0.044415140755467535,1.723090153752879,1.1251986336983877,0.0016603379228096004,0.728992101021222,2.894312983418195e-06,0.02675865880400179,0.9999933893038647,0.1606535721428487
192,168,SCH772984,Trametinib,MDAMB231,1,-0.6117476872953277,-0.5661811364467683,0.06816655782355688,0.06872102705116885,0.07339749139169997,2.2981787799617366,0.8818634471585807,0.4209093882178839,0.7306800106933905,0.030728469980080903,0.028381211925413402,0.9999933893038647,0.3133701145779896
192,169,ABT-199,Trametinib,MDAMB231,0,0.9999933893038647,0.9999933893038647,0.06902870648052749,0.07221157247758724,0.0690286855221973,9.999999999989656,0.8884539854166373,0.025334183927162558,0.6714697163913005,0.020432249871657357,0.04486162995062464,0.9999933893038647,0.18131960535714528
192,170,Tosedostat,Trametinib,MDAMB231,0,0.9999933893038647,0.9999933893038647,0.06006369175347519,0.0807333667644228,0.06006356893105443,1.143341727927673,0.7336911128263918,0.4084366642676545,0.7319025917109683,0.01405669026293758,0.024001252958766945,0.9999933893038647,0.30435104470661867
192,171,Navitoclax,Trametinib,MDAMB231,0,0.7986890982719544,0.8572195794536708,0.04445564347676339,0.04788161730256806,0.04484295195664853,2.183528533523292,0.6150378863103398,0.6584500461256965,0.9999999999999999,0.018497077432858725,0.019561216797558244,0.9999933893038647,0.307997570935766
192,172,Iniparib,Trametinib,MDAMB231,0,0.9999933893038647,0.9999933893038647,0.04508618038123747,0.04658183142497544,0.04508617412845146,9.999999999999998,0.9465130732138652,0.06191872458311953,0.6234674251356143,0.04045662879375883,0.020795603256532038,0.9999933893038647,0.19462007978253268
192,173,Entinostat,Trametinib,MDAMB231,0,-0.25194288330962034,0.9893709151911637,0.03976821558854142,0.03978259613659778,0.04013328668179452,9.999999999396156,1.00194567171703,0.03910438191960798,0.6365852265280807,0.02077624719609991,0.02616411668151851,0.9999933893038647,0.19298462185138213
192,174,Pictilisib,Trametinib,MDAMB231,0,-0.24580783074472515,0.01978303114877298,0.0490474360101801,0.04920449733053649,0.053955533424410354,0.6733438869681024,0.993656633617882,0.9999999999999999,0.6830747778322608,0.030120183842512034,0.024109429887831223,0.9999933893038647,0.28033717817975273
192,175,GDC-0068,Dactolisib,MDAMB231,1,0.9999933893038647,0.9999933893038647,0.07807585460332052,0.08264350304952711,0.07807582602186965,0.46134957346393374,1.2106911193079595,0.9794033587776444,0.5037899315891429,0.022128070949958674,0.017000289630452515,0.9999933893038647,0.20365091664656024
192,176,KX2-391,Trametinib,MDAMB231,1,-4.999993389303865,-4.999993389303865,0.04519988667946254,0.08253114366659546,0.10652293644557717,2.675095840738454,1.0225738461915794,0.628358336224805,0.6230272341792514,0.011531711307437582,0.01700431052936065,0.9999933893038647,0.4085464976922465
192,177,Linsitinib,Trametinib,MDAMB231,1,0.9999933893038647,0.9999933893038647,0.06076901172176517,0.060844644043788886,0.06076901144694346,9.999999996200202,0.7944777972577433,0.025136487422451507,0.881753278096514,0.004743013352858043,0.02074778175463639,0.9999933893038647,0.21093450831551952
192,178,Ponatinib,Trametinib,MDAMB231,1,-4.999993389303865,-4.999993389303865,0.07287880373178167,0.10336394163592835,0.11842819110874601,1.292204844612981,0.9867099066598816,0.9999999999999999,0.7458436270465972,0.06862042950052465,0.011225154470191016,0.9999933893038647,0.3960749248002894
192,179,AVN944,Dactolisib,MDAMB231,0,0.6816395085407218,0.6782399433250272,0.04486362987378111,0.046804422948283596,0.04547089933843693,7.295984596826907,1.4101703154395564,0.44719256856140444,0.4947990852140398,1.4597637146946031e-08,0.00823560827503955,0.9999933893038647,0.27192227247901785
192,180,Everolimus,Dactolisib,MDAMB231,2,-0.8007037565596218,-0.373324221452271,0.09719584787268418,0.09794294316300388,0.1015661663059333,0.7556636032062695,1.4908759075804632,0.2501241339517784,0.4944662771617086,0.033847914873946325,0.01253637790496065,0.9999933893038647,0.3459524022210858
192,181,Everolimus,Dactolisib,MFM-223,2,0.9999933893038647,0.9999933893038647,0.04818893909929583,0.07247763037764864,0.048188918183958235,1.9050442312702394,0.8571498275754316,0.4434651287869126,0.7007755294044744,0.03635998406554418,0.03889971924908868,0.9999933893038647,0.5180219850726375
192,182,Trametinib,Dactolisib,MFM-223,0,0.9999933893038647,0.9999933893038647,0.0938223382020568,0.09856914527909529,0.0938223131229877,3.060600467559414,0.5727520887385184,0.2524503309355711,0.8739466226670581,0.004048471079659317,0.027247024490303452,0.9999933893038647,0.31712071395918057
192,183,Refametinib,Dactolisib,MFM-223,0,0.9999933893038647,0.9999933893038647,0.08785996585625379,0.0895043477600236,0.08785995707393005,8.415094008415851,0.6762308386752643,0.21266383161117855,0.7816599055134846,0.019873984462582456,0.02876323959806252,0.9999933893038647,0.326771979821365
192,184,Indibulin,Dactolisib,MFM-223,0,0.9592557169636206,0.9999933893038647,0.05548732427948747,0.06261933295436548,0.05550981201767561,0.8074721521668394,1.1970892623104465,0.7046933302805368,0.6953264200192316,0.02937317921746035,0.02241639362199868,0.9999933893038647,0.38564027141631196
192,185,GSK269962,Trametinib,MFM-223,0,0.9556730180020071,0.9999933893038647,0.04131175794962153,0.04162248383298712,0.041312465990105164,9.999999999999867,0.8433833479373122,0.14278624903598616,0.9999999999999999,0.01231968431971349,0.013119582971034533,0.9999933893038647,0.10116738650472629
192,186,Navitoclax,Trametinib,MFM-223,0,-1.64073425885837,-1.5522875007594839,0.042577581278733456,0.04294064168053514,0.04358805369482947,9.646901521877174,1.5064072897405085,0.13203850622072705,0.9999999999999986,3.285306129045233e-07,0.006074305529334658,0.9999933893038647,0.09205385093948124
192,187,Ponatinib,Trametinib,MFM-223,1,0.9999933893038647,0.9999933893038647,0.08672220886467802,0.1020017196788876,0.08672211085558389,0.668465693031905,0.3555821348864972,0.5973932761888463,0.9999999999999999,0.02144172823222423,0.043057551211075525,0.9999933893038647,0.27123616889747093
192,188,Olaparib,Trametinib,MFM-223,0,0.9999933893038647,0.9999949051552216,0.06285764511702022,0.0628577566412531,0.06285764511628297,1.723090153752879,0.45368479968375425,0.0016603379228096004,0.9999999999999999,2.894312983418195e-06,0.022806063064776554,0.9999933893038647,0.046588204008204126
192,189,ABT-199,Trametinib,MFM-223,0,0.9999933893038647,0.9999933893038647,0.11315745878179129,0.1136803512281543,0.11315745535013759,7.402593304993145,0.4169450846564579,0.13173886929958054,0.9999999999999999,0.005178703453561638,0.05482305987197049,0.9999933893038647,0.06978466594495042
192,190,SCH772984,Trametinib,MFM-223,1,-4.999993389303865,-4.999993389303865,0.09220658911677615,0.09872760099720652,0.10089608005470992,9.160686792711575,1.343887785754042,0.279820432674642,0.9999999999999998,0.028841617776241495,0.019986224486300413,0.9999933893038647,0.15376782501788577
192,191,Entinostat,Trametinib,MFM-223,0,0.9999933893038647,0.9999949051552216,0.024697254772138213,0.024697263301931862,0.024697254772081834,1.723090153752879,9.99999998899708,0.0016603379228096004,0.49970368870199766,2.894312983418195e-06,0.008460721841630268,0.9999933893038647,0.03656997587774355
192,192,Iniparib,Trametinib,MFM-223,0,-4.999993389303865,-4.999993389303865,0.05249894962643384,0.053336586595828024,0.05352916610277012,8.89062334466011,9.999999997639177,0.5675304825787698,0.11423144264933066,2.93019353900838e-07,0.012633512193806469,0.9999933893038647,0.05530694603897856
