d1,d2,cell,level,alpha,alpha_L,t,nA,nB,rmse_bliss,rmse_loewe,n_wells
BMS-754807,LY3009120,HEK293,1,-3.0862329889962816,0.9999933893038647,-0.4246476856327777,0.38459557117620125,1.4645554989812304,0.07907149583043566,0.2236779240644439,33
BMS-754807,Trametinib,HEK293,1,-0.19670927349164946,0.9999933893038647,-0.02099445816322339,0.395569973028087,9.932253730842419,0.041050288841868454,0.40943815990408566,49
BGB324,Everolimus,HEK293,1,0.0451372567067797,0.9999933893038647,0.20679299868135165,0.8692381235355807,1.2371499645264568,0.10358363165003846,0.19044835612078015,28
Cisplatin,Ipatasertib,HEK293,0,0.733446414327908,0.9999933893038647,0.09990386231456574,1.2034421247736928,1.0949408108833414,0.04963017399632577,0.18475000236955583,33
Cisplatin,Everolimus,HEK293,0,0.23777943330190734,0.9999933893038647,0.0655356339484321,0.9931180081314401,0.8203906288420741,0.04307175672628958,0.34183305141244236,49
NVP-LCL161,Trametinib,HEK293,0,-19.999993389303864,0.9999933893038647,,1.6730170282037569,9.890067223962149,0.06959218510324054,0.06960928209718417,0
BMS-754807,LY3009120,HeLa,1,-4.575042023960328,0.9999933893038647,-0.5856689957090048,0.4470624503166337,0.9426967831770706,0.10712156687733992,0.23545087233000486,34
BMS-754807,Trametinib,HeLa,1,-0.7662662226949821,0.9999933893038647,-0.16067307641335576,0.38140087890106467,0.6759314667144137,0.10509336363264613,0.27272644246122013,49
BGB324,Everolimus,HeLa,1,-5.2083391909437085,0.9999933893038647,-0.24541861163312162,1.050937154167831,0.795015884048067,0.10608447123827054,0.31245374380912927,28
Cisplatin,Ipatasertib,HeLa,0,0.9999933893038647,0.9999933893038647,0.016273454122751028,1.5795492978290055,0.42300243555605327,0.05971798054608342,0.2864736263118463,27
Cisplatin,Everolimus,HeLa,0,-5.299755751761451,0.9999933893038647,-0.07879343915004065,2.316075275623935,1.0607634377784105,0.04901850681384322,0.49480811879936776,27
NVP-LCL161,Trametinib,HeLa,0,-2.5665324156980214,0.9999933893038647,-0.2387407690388414,0.7088560353730365,0.7902656819690034,0.03760920464213727,0.04118211252634152,5
BMS-754807,LY3009120,Hep G2,1,-10.856104233862363,0.9999933893038647,-1.6659258392123648,0.3098531820964201,1.835877936646889,0.11769840418496835,0.1667168680103887,32
BMS-754807,Trametinib,Hep G2,1,-9.129078636511073,0.9999933893038647,-1.0698181443556376,0.27014256037286505,0.9830530095916532,0.08727336171300935,0.16985828059840655,49
BGB324,Everolimus,Hep G2,1,-0.43766829717752614,0.9999933893038647,-0.06788951460400554,1.2959205570195202,1.1340634825972153,0.08292611112706354,0.26467859096541346,26
Cisplatin,Ipatasertib,Hep G2,0,0.9999933893038647,0.9999933893038647,0.041277835574236615,1.1002206311699798,0.8830170699845455,0.07374175489166857,0.35783099537366586,37
Cisplatin,Everolimus,Hep G2,0,0.9999933893038647,0.9999933893038647,0.0458809674665818,1.1103734268260073,1.564759757778463,0.07159539976043047,0.4471743071044666,45
NVP-LCL161,Trametinib,Hep G2,0,-2.7823181412788776,0.9999933893038647,-0.04482322060097248,9.999999999998153,0.6078032828754687,0.050629998915535344,0.7568193214855866,49
Everolimus,Dactolisib,BT-549,2,-2.7378837499290323,0.9999933893038647,-0.20952949483728747,4.045341914314963,0.8133612391999088,0.09936654838409885,0.321837017499329,41
Trametinib,Dactolisib,BT-549,0,-0.9495501804792149,0.9999933893038647,-0.004633876504273089,9.999254569938964,0.795733508376777,0.06288870273359533,0.2680667473501911,33
Refametinib,Dactolisib,BT-549,0,-0.1357208758568712,-3.259945117262021,-0.10807436845152295,9.416194034963707,0.7889024530636606,0.04582911534785073,0.06055868504205521,16
Indibulin,Dactolisib,BT-549,0,-3.126959899766516,0.9999933893038647,-0.07141344937550004,2.8896695482647923,1.8458639975559155,0.07896705402228293,0.19726581331521598,23
GSK269962,Trametinib,BT-549,0,0.9999933893038647,0.9999933893038647,0.1096240194805469,2.186704710270938,9.838155395182573,0.038434448212515356,0.06885053600738558,18
Navitoclax,Trametinib,BT-549,0,0.9999933893038647,0.9999933893038647,0.38631457685754783,1.723090153752879,3.250282762811488,0.03635553633371025,0.051759020278239344,7
Ponatinib,Trametinib,BT-549,1,0.9999933893038647,0.9999933893038647,0.16067203275689113,9.589452577681739,2.833986303884525,0.096647716965242,0.12984617351170857,14
Olaparib,Trametinib,BT-549,0,0.9999933893038647,0.9999933893038647,0.5698886161576305,1.723090153752879,0.26941528552936017,0.05799814038031348,0.06557223052611653,49
ABT-199,Trametinib,BT-549,0,0.9999933893038647,0.9999933893038647,0.6453997485475702,0.10000000000013072,0.2703401362556374,0.09599662922536877,0.08289101743961541,49
SCH772984,Trametinib,BT-549,1,0.43702824906213167,0.9999933893038647,-0.4023794246050924,0.5235362431088311,0.9108291807968268,0.04009302262627848,0.04447814272521798,8
Entinostat,Trametinib,BT-549,0,-19.999993389303864,0.9999933893038647,0.2639924764633573,1.723090153752879,9.734159236357685,0.027532567932237188,0.05665702582933302,14
Iniparib,Trametinib,BT-549,0,0.9999933893038647,0.9999933893038647,0.16211792031378983,1.723090153752879,0.6993991958325533,0.02325827118907363,0.05313526646208863,21
Everolimus,Dactolisib,CAL-85-1,2,0.9999933893038647,0.9999933893038647,0.224419891168555,9.999999999794898,0.6422666405708155,0.09549630041795681,0.1861855892627847,40
Trametinib,Dactolisib,CAL-85-1,0,0.9999933893038647,0.9999933893038647,0.6787248246516476,1.223193502687898,1.5429531193373138,0.10133737469295791,0.10253271302394416,14
Refametinib,Dactolisib,CAL-85-1,0,0.9999933893038647,0.9999933893038647,0.2593690372771378,9.999999950016925,0.526911940955441,0.10820639245201762,0.22436492923761212,37
Indibulin,Dactolisib,CAL-85-1,0,-3.5801059108045115,0.9999933893038647,-0.02080717426384336,9.999999999999988,0.4673471488215886,0.0990741073117951,0.2344709288972767,36
GSK269962,Trametinib,CAL-85-1,0,0.9999933893038647,0.9999933893038647,0.6197928384512787,9.618687629687077,8.635904840481379,0.09802041299808169,0.1025573203442991,16
Navitoclax,Trametinib,CAL-85-1,0,-19.999993389303864,0.9999933893038647,-1.0733959344800086,1.723090153752879,1.1998859246193603,0.1412840781651953,0.22724686355597631,14
Ponatinib,Trametinib,CAL-85-1,1,-18.164965642333453,0.8421922249602611,1.945949929796433,9.997482373428337,0.630700579494612,0.13526546027357286,0.1257618291070496,13
Olaparib,Trametinib,CAL-85-1,0,-4.498218426683983,0.9999933893038647,0.10621442263967822,9.999999963297107,0.4132655115861656,0.08327216465696999,0.21009815348081562,49
ABT-199,Trametinib,CAL-85-1,0,0.9999933893038647,0.9999933893038647,0.4860770783406975,9.999999794286257,0.678636705484773,0.11504365237213415,0.17360969419888106,32
SCH772984,Trametinib,CAL-85-1,1,-19.999993389303864,0.49281967185755327,,0.9892942044203709,1.49741733795607,0.1533591812460323,0.15093804846802497,2
Entinostat,Trametinib,CAL-85-1,0,-19.999993389303864,0.9999933893038647,-0.1420036232809829,1.723090153752879,1.5613932676158768,0.07755832335112975,0.20425416062263715,21
Iniparib,Trametinib,CAL-85-1,0,-4.154768745961267,0.9999933893038647,-0.8437830164390321,9.594532904433871,8.565532744277762,0.07816714841451901,0.10276307721832552,10
Danusertib,Dactolisib,CAL148,0,0.5004402840019871,0.9999933893038647,0.03213305734522167,9.99999999999999,1.7400542610397312,0.06393667068933409,0.2003607910569887,31
Dasatinib,Dactolisib,CAL148,1,0.9999933893038647,0.9999933893038647,0.1326501328087879,8.460891086817982,1.2162044635212133,0.07438228114761045,0.4703402377490981,35
SNS-032,Dactolisib,CAL148,0,0.9999933893038647,0.9999933893038647,0.24934977075628842,2.140292926032127,1.371566481031743,0.08042608335812675,0.12973215444512912,28
Indibulin,Dactolisib,CAL148,0,-4.355709094258068,-0.3143946406780673,0.7025699204488873,9.837722875282399,1.9905695603466682,0.06169293620429774,0.054755898273137454,11
Dinaciclib,Dactolisib,CAL148,0,0.6284362690727453,0.9999933893038647,0.3327095383962053,9.999999999999998,2.4885380661897165,0.0663180113467723,0.07876525851017542,24
TAK-901,Dactolisib,CAL148,0,-6.093272338106854,0.9999933893038647,-0.15027487081787536,9.999998875559132,1.7253448290451647,0.1345200258086463,0.39784730643963345,33
Trametinib,Dactolisib,CAL148,0,-0.5689359101388742,0.9999933893038647,-0.020286027257710813,1.1121789319658832,1.3286735482054606,0.049487080381138616,0.33796274061475495,23
Teniposide,Dactolisib,CAL148,0,-5.298635597645029,0.9999933893038647,-0.24838328780470686,1.0988420439176225,1.6040947934614467,0.08232596980733996,0.2479871039869876,24
Floxuridine,Dactolisib,CAL148,0,0.9999933893038647,0.9999933893038647,0.17088315166300927,2.2023265571569257,1.42448326234036,0.07467115327715536,0.37661954883995574,33
Refametinib,Dactolisib,CAL148,0,-13.501394445448142,0.9999933893038647,-0.09702763648271098,9.999999652716332,1.6291490608400112,0.06229210644908474,0.50471583705345,33
Navitoclax,Dactolisib,CAL148,0,-9.040552580716206,0.9999933893038647,-0.12653913510467446,9.948781522950107,1.768760996523625,0.07045744997406461,0.40615760786277993,27
BIIB021,Dactolisib,CAL148,0,-1.4608902472913166,0.9999933893038647,0.2206784608267334,9.993628654227559,1.453038585195531,0.050372861726445534,0.07779592345847433,25
GSK269962,Trametinib,CAL148,0,0.9999933893038647,0.9999933893038647,0.6453826125307469,1.8716176671388143,0.26377568747159874,0.09698734102316542,0.08980657680100751,21
GDC-0068,Trametinib,CAL148,0,-5.288600748109503,0.9999933893038647,-0.1039602198304217,1.508573351410074,1.7486314215726884,0.06573874419025813,0.4063230970765064,24
Nintedanib,Trametinib,CAL148,1,0.9999933893038647,0.9999933893038647,0.6480646755132142,1.723090153752879,0.22850346577560648,0.06518063851367496,0.053902673713620175,49
Everolimus,Trametinib,CAL148,0,-19.999993389303864,0.9999933893038647,-0.09919628898478139,1.8548423910623935,2.7759665397100775,0.05072012534310607,0.2922214374954479,35
Olaparib,Trametinib,CAL148,0,-19.999993389303864,-19.999993389303864,,1.723090153752879,2.7759665397100775,0.033704308171994636,0.033702176197768066,0
SCH772984,Trametinib,CAL148,1,-19.999993389303864,0.9999933893038647,,9.558328487660619,0.5303119805277161,0.03944803852238241,0.043349438214229236,2
ABT-199,Trametinib,CAL148,0,0.9999933893038647,0.9999933893038647,0.9438104165652204,1.723090153752879,0.7858478410235838,0.07418731558963998,0.015351071396312898,42
Tosedostat,Trametinib,CAL148,0,0.9999933893038647,0.9999933893038647,0.7950630875928969,1.05920799496956,2.1903985864967,0.0676677539507411,0.06422816896673095,13
Navitoclax,Trametinib,CAL148,0,0.9999933893038647,0.9999933893038647,0.8632778313096542,9.801370175060592,0.7873340465536989,0.06604617084283708,0.05903464488583828,16
Iniparib,Trametinib,CAL148,0,0.9999933893038647,0.9999933893038647,0.8473333209859462,1.723090153752879,9.999999999999995,0.05993822642274015,0.021213030594689482,21
Entinostat,Trametinib,CAL148,0,-19.999993389303864,0.9999933893038647,-1.2602990300466528,9.807715461248025,9.99999999999991,0.04548145678739124,0.06208249664171955,8
Pictilisib,Trametinib,CAL148,0,-1.1818756235279713,0.9999933893038647,-0.03558968224004838,9.999729948137126,9.99988650140741,0.05379118804748774,0.13885344930816795,7
GDC-0068,Dactolisib,CAL148,1,0.6806712098109121,0.9999933893038647,0.3382239121440283,2.1673814414412553,1.4704303134253884,0.056887471533049454,0.059821192585489256,21
KX2-391,Trametinib,CAL148,1,-19.999993389303864,0.9999933893038647,-0.2127894392274441,9.999909289296856,0.44361501418799737,0.047746238828406916,0.19931415806591207,21
Linsitinib,Trametinib,CAL148,1,0.9999933893038647,0.9999933893038647,0.7149473122740232,1.723090153752879,0.7186528267970629,0.04525418771747399,0.021820985733966604,21
Ponatinib,Trametinib,CAL148,1,-19.999993389303864,0.9999933893038647,-0.12099951325648099,1.723090153752879,9.784901408070587,0.0319621638382267,0.041087473345901786,14
AVN944,Dactolisib,CAL148,0,0.3189231144826943,0.9999933893038647,0.08112377891747162,3.007140981161986,1.8749528070236243,0.041180275782282644,0.09066457206968709,25
Everolimus,Dactolisib,CAL148,2,-19.999993389303864,0.9999933893038647,-0.4583862677153115,1.320103488935988,1.493053150190245,0.21041365430818187,0.39765408359326526,25
Danusertib,Dactolisib,CAL51,0,0.5617829664356795,0.9999933893038647,0.10103341995132181,1.5730739308133912,1.065823214162765,0.0580304398092702,0.1868197218164502,29
Dasatinib,Dactolisib,CAL51,1,-0.8220223863585312,0.9999933893038647,-0.1606440690648588,0.9981712576135666,1.290296763909489,0.02828877923167618,0.16225025899728973,32
SNS-032,Dactolisib,CAL51,0,-0.5010330035014374,0.9999933893038647,-0.08773039972216068,1.7546320453732411,1.1365909018000135,0.03316396639435888,0.08449928844536941,25
Indibulin,Dactolisib,CAL51,0,-10.507564280487218,0.9999933893038647,-0.5481624003457493,1.56644438973535,1.1434372365063756,0.08932163664655715,0.10974961664153735,14
Dinaciclib,Dactolisib,CAL51,0,-0.6376200578523029,0.9999933893038647,-0.029231384702105383,3.742108070115665,1.4358770248923183,0.025778956103591332,0.10247038645348344,26
TAK-901,Dactolisib,CAL51,0,-0.7537878890594507,0.9999933893038647,-0.3254270606217223,1.0771382611680311,1.4239670711572745,0.039714802715359245,0.0797016813114803,18
Trametinib,Dactolisib,CAL51,0,0.9999933893038647,0.9999933893038647,0.060530193839258416,1.0303459019869967,1.2447809791670645,0.0357859758992441,0.3811915934188142,32
Teniposide,Dactolisib,CAL51,0,0.5158375073214126,0.9999933893038647,0.10893295280623519,1.6341038574341995,1.1464730434671955,0.03975368041748013,0.11887568453244843,27
Floxuridine,Dactolisib,CAL51,0,0.9999933893038647,0.9999933893038647,0.45415725429584064,2.0156235541459635,0.9484220027736129,0.10260280739088433,0.1293835789539133,31
Refametinib,Dactolisib,CAL51,0,-1.44471849758624,0.9999933893038647,-0.04259277085517848,7.90840965528277,1.1529082494707237,0.034426907948213764,0.4321004063487372,39
Navitoclax,Dactolisib,CAL51,0,-10.837574134421882,0.9999933893038647,-0.045784784288732824,9.893712320345102,1.4300586564472388,0.043829282458150605,0.4896994446733107,36
BIIB021,Dactolisib,CAL51,0,0.9999933893038647,0.9999933893038647,0.6365159541164459,3.226898262868429,1.2363744535972934,0.05003665993132305,0.04225242266873478,18
GSK269962,Trametinib,CAL51,0,0.9999933893038647,0.9999933893038647,1.9947166019613856,3.0659313560006494,0.316543113753878,0.05152018584575465,0.04073475498350845,8
GDC-0068,Trametinib,CAL51,0,-2.841622878520761,0.9999933893038647,-0.07362383035021695,1.7664680804215784,1.435555929177818,0.031383906979955876,0.17408705524659698,16
Nintedanib,Trametinib,CAL51,1,0.9999933893038647,0.9999933893038647,1.0905810776294378,9.990281706023794,0.7947563027476591,0.07856071693456279,0.06643379093535452,15
Everolimus,Trametinib,CAL51,0,0.9999933893038647,0.9999933893038647,0.050371958851049316,0.9733681567491886,9.999999999943734,0.03277119929117612,0.34035103304225134,44
Olaparib,Trametinib,CAL51,0,0.9999933893038647,0.9999933893038647,0.3336193680880939,8.419751865361253,2.5817676194216506,0.03271323718425142,0.03673783086266445,7
SCH772984,Trametinib,CAL51,1,-9.955885145858618,0.9999933893038647,-0.8942350421175125,9.99887617719748,0.7746715380519129,0.04144162655117961,0.05316586373118725,5
ABT-199,Trametinib,CAL51,0,0.9999933893038647,0.9999933893038647,0.5256497374472927,9.9999998555633,1.3051613285960966,0.050671453969913724,0.05165971836065981,28
Tosedostat,Trametinib,CAL51,0,0.9999933893038647,0.9999933893038647,0.7151708600511224,0.675455340794962,0.4608402860011584,0.03882396725654858,0.03143918479343707,24
Navitoclax,Trametinib,CAL51,0,-0.10969215001715588,0.9999933893038647,0.3820321306014411,8.738972092015304,0.5235997056179413,0.0437786362074541,0.04775127432437203,8
Iniparib,Trametinib,CAL51,0,0.9999933893038647,0.9999933893038647,0.23308520073353298,1.723090153752879,1.3311690905460964,0.025161223908134137,0.056651956917982825,28
Entinostat,Trametinib,CAL51,0,-7.542095674679708,0.9999933893038647,,9.705608867364852,1.9813249069504233,0.025913020940063373,0.028417308736863333,3
Pictilisib,Trametinib,CAL51,0,-1.4379445651464295,0.9999933893038647,-0.08553774363787509,1.3532272822128841,7.0306122254617645,0.0458192429623025,0.18508550396886245,19
GDC-0068,Dactolisib,CAL51,1,0.7474971932664284,0.9999933893038647,0.23090736113553623,1.3114103733531748,1.1910763279097123,0.04563074832417984,0.09487811162200592,23
KX2-391,Trametinib,CAL51,1,0.9999933893038647,0.9999933893038647,0.030568397455250845,2.246959389958848,0.8112144183881316,0.05776699736213789,0.394155421733627,28
Linsitinib,Trametinib,CAL51,1,0.9999933893038647,0.9999933893038647,0.5153674170039713,9.328128068064979,0.4419434583126723,0.04960693832630656,0.05507598470289627,22
Ponatinib,Trametinib,CAL51,1,-4.450468951700952,0.9999933893038647,0.005438921931423375,1.8944834840655187,5.665013753606918,0.06229852537379619,0.2855521982670853,18
AVN944,Dactolisib,CAL51,0,0.8761136566678583,0.9999933893038647,0.5667425158764449,2.5421904819181913,1.3285880516436397,0.03563053486663269,0.034251015958024225,14
Everolimus,Dactolisib,CAL51,2,-2.5432202220322995,0.9999933893038647,-0.17752448411781296,1.5947546532803336,1.0309446994453841,0.07671788066692575,0.24859152852035107,35
Danusertib,Dactolisib,DU4475,0,0.8557922136408023,0.9999933893038647,0.17423943907034994,1.2463671752102317,1.312783904231762,0.07836137864264782,0.14492734180471795,21
Dasatinib,Dactolisib,DU4475,1,-19.999993389303864,0.9999933893038647,0.04629662880487037,1.723090153752879,1.1581966089230427,0.074328540664961,0.5674858320441575,42
SNS-032,Dactolisib,DU4475,0,0.7921603435807401,-5.604735047315574,0.0908445685420281,3.024167615304034,1.643157530843794,0.0364464678123877,0.046418774616153305,20
Indibulin,Dactolisib,DU4475,0,-19.999993389303864,-0.9032340482293996,2.591942951360606,1.8758259865002624,1.864559329576637,0.1164655905857439,0.1017406482317781,14
Dinaciclib,Dactolisib,DU4475,0,-7.939427831019572,-19.999993389303864,0.5270676433265766,3.7277975369343603,1.7465045652409883,0.04629504448723727,0.03951994728781064,16
TAK-901,Dactolisib,DU4475,0,-8.707071600941857,0.12403715713243796,1.8589052812965532,1.5542256045781673,1.481443032751652,0.063060131181299,0.0587696272574542,9
Trametinib,Dactolisib,DU4475,0,0.8295152193766666,0.5374878396620784,-2.068398737612865,1.854423193218563,1.033081426691144,0.0783062348035503,0.08629666395720584,11
Teniposide,Dactolisib,DU4475,0,-1.4830164004691218,0.9999933893038647,-0.25943349921960157,0.9429933531445631,1.5407498232700008,0.048460661817069914,0.05955271825845245,15
Floxuridine,Dactolisib,DU4475,0,0.9999933893038647,0.9999933893038647,0.09339491223601723,9.999999978513923,1.6568775095688772,0.0556555930161021,0.5410540552752832,35
Refametinib,Dactolisib,DU4475,0,0.1590231841461878,0.9999933893038647,-0.11198927512204222,1.7003019687352035,1.9582883313292494,0.045716459302131605,0.08565862618088187,29
Navitoclax,Dactolisib,DU4475,0,-12.14829467058014,0.7561570172125848,0.09014878014099285,1.4183789490065086,1.7912074640993327,0.0689603602080546,0.07175032083377646,12
BIIB021,Dactolisib,DU4475,0,-7.717194652323533,-19.999993389303864,0.22796754483103773,5.320812916610157,1.9898985632556823,0.04929331916859478,0.06271478309903665,24
GSK269962,Trametinib,DU4475,0,-12.645384388513508,0.9999933893038647,-0.016089984806813985,9.999999999998115,1.8685961261724517,0.08523618263196615,0.611739806786478,32
GDC-0068,Trametinib,DU4475,0,-4.284704339474717,0.9999933893038647,0.014916656886691736,9.600504155744446,1.9732140380750232,0.053908648961277776,0.406489140832359,32
Nintedanib,Trametinib,DU4475,1,-3.7938309297800306,0.9999933893038647,0.019090744859335717,5.440224586580964,1.8320201491166443,0.06445950181982746,0.536323117909335,33
Everolimus,Trametinib,DU4475,0,-0.14731642458183616,0.9999933893038647,-0.018624290860551024,1.1460490049169016,2.803058607651333,0.026814622941505308,0.20860845169650336,30
Olaparib,Trametinib,DU4475,0,-19.999993389303864,0.9999933893038647,-0.02150514886704878,9.81391843832264,3.0946171415222548,0.0915710066818372,0.4513939170926097,31
SCH772984,Trametinib,DU4475,1,-19.999993389303864,-3.2968610229031095,1.9911942462807335,1.3476869994924614,3.132995819335083,0.07569492238079233,0.05136488198569429,10
ABT-199,Trametinib,DU4475,0,-3.842551417447966,0.9999933893038647,,0.455966106979145,2.0385689487795293,0.06497478435503093,0.07347266277231301,3
Tosedostat,Trametinib,DU4475,0,-5.715642265092448,0.9999933893038647,-0.057456562002895506,2.792339902611691,1.91693854265018,0.07532632676087155,0.48780308412466644,33
Navitoclax,Trametinib,DU4475,0,-19.999993389303864,0.9999933893038647,-0.06095018031675602,1.5361401900509468,1.8866569832925426,0.09233362562136446,0.24797616966742603,28
Iniparib,Trametinib,DU4475,0,-5.197371470137153,0.9999933893038647,-1.441288525812006,0.35930084594243933,2.810684002492118,0.05062221167816604,0.06199372286205257,5
Entinostat,Trametinib,DU4475,0,-19.999993389303864,-19.999993389303864,0.2704105458632732,9.99999996518253,3.0180800386529616,0.1063714818671896,0.13724021748346252,28
Pictilisib,Trametinib,DU4475,0,-19.999993389303864,0.9999933893038647,-0.014197417724224082,1.6843358586717967,2.709541722577507,0.08365800990941752,0.339873258574786,28
GDC-0068,Dactolisib,DU4475,1,0.9462695089342893,0.9999933893038647,0.08950701277854302,2.5629357679594102,1.6243805611721285,0.08413299530364,0.39560923365087747,32
KX2-391,Trametinib,DU4475,1,-0.19463212497805019,0.9999933893038647,-0.22631647196367938,9.999982356482537,1.6450323385404662,0.06540891944341061,0.0968688266682851,26
Linsitinib,Trametinib,DU4475,1,-17.89656823523407,0.9999933893038647,-0.0038452948196653503,9.6771158635608,2.072353940130771,0.05780362942836708,0.4456075427307064,31
Ponatinib,Trametinib,DU4475,1,-19.999993389303864,-7.260206112311386,2.0732432014436855,1.7605081307164137,2.993106517553983,0.08759343662017476,0.055579738312759204,11
AVN944,Dactolisib,DU4475,0,0.9999933893038647,-19.999993389303864,0.410269127796304,9.99900753108323,2.7738350517300727,0.06373528021334088,0.0780450754476001,18
Everolimus,Dactolisib,DU4475,2,-19.999993389303864,0.9999933893038647,0.2005454528489418,2.625008364022135,1.8824191165123245,0.21395288403629958,0.29057049492597176,28
Everolimus,Dactolisib,HCC1599,2,0.9999933893038647,0.9999933893038647,1.1121802078150147,9.99999998935099,1.5910041906811518,0.14348837228488825,0.06574062174629526,14
Trametinib,Dactolisib,HCC1599,0,0.9999933893038647,0.9999933893038647,0.4110192629157926,9.999999882315445,5.412369977997474,0.1397621679945211,0.1583751962263016,28
Refametinib,Dactolisib,HCC1599,0,0.9999933893038647,0.9999933893038647,-0.57029548900396,8.974410871560508,1.739213798139472,0.136604239231438,0.1399698800469924,7
Indibulin,Dactolisib,HCC1599,0,0.9999933893038647,0.9999933893038647,0.5453391275236986,9.999999996606338,6.0167698299737316,0.1387962764231135,0.13363796592872734,28
GSK269962,Trametinib,HCC1599,0,0.9999933893038647,0.9999933893038647,1.2734042060917394,9.9999998186666,9.999999999996232,0.10256035229074516,0.05744627965423567,34
Navitoclax,Trametinib,HCC1599,0,0.9999933893038647,0.9999933893038647,1.8884880060131208,7.343868138153561,9.999999999711088,0.10179503322649151,0.07350057066770303,49
Ponatinib,Trametinib,HCC1599,1,-0.432597342279107,0.9999933893038647,-0.13949884861213668,7.7498861308162414,9.999999999978684,0.11423409992962759,0.15147667653988703,9
Olaparib,Trametinib,HCC1599,0,0.9999933893038647,0.9999933893038647,0.5638546848278,9.99999366857018,0.8377533086031014,0.18725201077572023,0.12658501341867717,41
ABT-199,Trametinib,HCC1599,0,0.9999933893038647,0.9999933893038647,1.1623116950102437,8.353186613265152,8.47584825870621,0.09093357316213124,0.05984307963308325,14
SCH772984,Trametinib,HCC1599,1,-19.999993389303864,0.49281967185755327,,0.9892942044203709,1.49741733795607,0.1533591812460323,0.15093804846802497,2
Entinostat,Trametinib,HCC1599,0,0.9999933893038647,0.9999933893038647,0.6424903250782259,7.808193201390474,9.999999862028277,0.13365581317908956,0.12046547910165466,49
Iniparib,Trametinib,HCC1599,0,0.9999933893038647,0.9999933893038647,0.6290643928430439,9.99790922526422,9.999999929118099,0.09934692449634454,0.09482048208126385,21
Everolimus,Dactolisib,MCF-10A,2,0.9999933893038647,0.9999933893038647,0.38509802557837275,0.7477287791157597,0.9599095500282127,0.091064376108685,0.13405461642677366,42
Trametinib,Dactolisib,MCF-10A,0,0.9999933893038647,0.9999933893038647,0.7126960815600092,0.8449263898388982,1.010069575758602,0.06065377686930803,0.05727814997076749,22
Refametinib,Dactolisib,MCF-10A,0,0.9999933893038647,0.9999933893038647,0.6216186941584231,1.2295378443258629,0.7787773827207942,0.07468220679275867,0.0777196159599462,27
Indibulin,Dactolisib,MCF-10A,0,-3.949266513042851,0.9999933893038647,-0.7046171185324983,0.8614905522336637,1.7917663592722606,0.08832101064744183,0.11474315713480135,14
GSK269962,Trametinib,MCF-10A,0,0.9999933893038647,0.9999933893038647,1.0259474921933482,2.923641950201087,1.0840591944897293,0.1107552134270745,0.05751212446197868,24
Navitoclax,Trametinib,MCF-10A,0,-10.772802760325408,0.9999933893038647,-0.2105690713143768,8.73520065810817,1.425293633072711,0.07222506633778843,0.19396157273345224,26
Ponatinib,Trametinib,MCF-10A,1,0.9999933893038647,0.9999933893038647,0.9492580591925779,8.38202019348196,0.3518944558043794,0.12852111247406203,0.11969096858127029,11
Olaparib,Trametinib,MCF-10A,0,0.9999933893038647,0.9999933893038647,0.4082272296233939,9.928091029075167,0.41091225717196017,0.09711631567985204,0.1822450422133753,36
ABT-199,Trametinib,MCF-10A,0,0.9999933893038647,0.9999933893038647,0.45889308896018866,2.5652717296834946,0.42324665711870696,0.12060367416563156,0.2189266371843837,49
SCH772984,Trametinib,MCF-10A,1,-0.0796085170798384,0.9999933893038647,-0.1751162026437659,0.9248926008786663,1.5934106439116624,0.04227046185377264,0.08792537285233701,15
Entinostat,Trametinib,MCF-10A,0,-19.999993389303864,0.9999933893038647,-0.11463912722088425,1.723090153752879,1.361366709668076,0.0442404521834017,0.21673229807069025,28
Iniparib,Trametinib,MCF-10A,0,-19.999993389303864,0.9999933893038647,0.013732574950751529,5.09026271294783,1.0195691060387655,0.03520263088153145,0.19068497865645648,28
Everolimus,Dactolisib,MDAMB-436,2,0.9999933893038647,0.9999933893038647,1.688209920666747,1.2792028015656491,0.15537281690486507,0.3191085395699285,0.1504386923286099,49
Trametinib,Dactolisib,MDAMB-436,0,0.9999933893038647,0.9999933893038647,0.44170740147431803,2.7759662565056464,0.692357755253946,0.1321402426797635,0.22154408929591143,49
Refametinib,Dactolisib,MDAMB-436,0,0.9999933893038647,0.9999933893038647,0.3322724391074895,1.723090153752879,0.5032757123516384,0.14136507042796073,0.35062322728615153,49
Indibulin,Dactolisib,MDAMB-436,0,0.9999933893038647,0.9999933893038647,0.4703138114796648,0.3082645605444796,2.383609465805184,0.16256173020470485,0.23465997328812274,40
GSK269962,Trametinib,MDAMB-436,0,-19.999993389303864,0.9999933893038647,-0.004427752599716645,9.881464792965764,2.7759662565056464,0.021938593411998202,0.15155359291178785,14
Navitoclax,Trametinib,MDAMB-436,0,0.6951334894550637,0.9999933893038647,0.5280498300918344,8.50806767318102,9.996921791856611,0.06358348159147711,0.059651674727263765,14
Ponatinib,Trametinib,MDAMB-436,1,0.9999933893038647,0.9999933893038647,1.1475901433057114,0.2671587295897397,9.092497414980716,0.25252346929543673,0.1481277036722072,49
Olaparib,Trametinib,MDAMB-436,0,0.9999933893038647,0.9999933893038647,3.5339464931879143,9.945038223010622,9.999999999995266,0.14093798552952494,0.11343252506857017,39
ABT-199,Trametinib,MDAMB-436,0,0.9999933893038647,0.9999933893038647,0.7396837044068905,1.723090153752879,0.31934975206051647,0.27823582027716287,0.18616253279175463,49
SCH772984,Trametinib,MDAMB-436,1,0.9999933893038647,0.9999933893038647,0.8217091035083325,0.2864745844565881,2.7759662565056464,0.22073709863526172,0.14311188101858838,49
Entinostat,Trametinib,MDAMB-436,0,0.9999933893038647,0.9999933893038647,0.18094144729024353,9.999295299857241,2.7759662565056464,0.03637253278293389,0.10139724243779166,7
Iniparib,Trametinib,MDAMB-436,0,0.4703374314241562,0.9999933893038647,0.5532298552814764,9.999652901354692,9.95454542899654,0.04539075033856657,0.047044888905862864,8
Danusertib,Dactolisib,MDAMB231,0,0.9999933893038647,0.9999933893038647,0.24947410538806247,4.373072674677743,1.1679999263479386,0.05206760626528599,0.11699194551546341,27
Dasatinib,Dactolisib,MDAMB231,1,0.0797044605456988,0.9999933893038647,0.10539109523576227,0.8049287638080935,1.1336155970892525,0.037993308470431086,0.11689370456626733,31
SNS-032,Dactolisib,MDAMB231,0,-0.3802929533487427,0.9999933893038647,-0.020219701968299336,1.9051906831345362,1.0009142441199133,0.04583925195186742,0.15318734036156142,22
Indibulin,Dactolisib,MDAMB231,0,-7.936907513755027,0.9999933893038647,-1.7135190476477264,0.6939016920638762,1.3254641747133866,0.09590414757667141,0.1363574188806749,15
Dinaciclib,Dactolisib,MDAMB231,0,-2.0070640287250487,0.9999933893038647,0.052831855748475536,2.3172177493856596,1.1835471583558603,0.05014771892056841,0.21577202071901067,27
TAK-901,Dactolisib,MDAMB231,0,-1.6427225539817436,0.9999933893038647,-0.3286581956486001,0.9773680585451202,1.5587487610496937,0.04779476945321817,0.13453696973945295,17
Trametinib,Dactolisib,MDAMB231,0,0.057063703841128736,0.9999933893038647,0.04988582370436072,1.3841460395757332,0.9444319514197603,0.04830561297723751,0.10173366714055895,21
Teniposide,Dactolisib,MDAMB231,0,0.9230332849956757,0.9999933893038647,0.5455664557762868,0.9903803063635894,1.0267882036152793,0.0424298461192597,0.045140456902496684,11
Floxuridine,Dactolisib,MDAMB231,0,0.9999933893038647,0.9999933893038647,1.6499864962112416,1.0854986343536512,0.8425320738476716,0.09264022989702657,0.06937843932736064,14
Refametinib,Dactolisib,MDAMB231,0,-1.2824832732487064,0.9999933893038647,-0.24035008461622961,0.6142057204169742,1.5374898571231317,0.04811514777414592,0.16670175075352409,32
Navitoclax,Dactolisib,MDAMB231,0,-1.4356090757360336,0.9999933893038647,-0.1941269867482012,1.2328091724369759,1.1593663198155923,0.056680903666833295,0.12223815975282888,14
BIIB021,Dactolisib,MDAMB231,0,0.9999933893038647,0.9999933893038647,0.36075177650688356,1.3538666963282613,1.3982769710042047,0.05388182342738845,0.08066535298057513,14
GSK269962,Trametinib,MDAMB231,0,0.9999933893038647,0.9999933893038647,1.661829525568662,0.6399531472532923,0.8797839378431392,0.22174587180076893,0.10861898059692988,30
GDC-0068,Trametinib,MDAMB231,0,0.9999933893038647,0.9999933893038647,0.21350310351615467,8.152704433984976,0.9129213805034501,0.059640154753840526,0.2328985986140878,29
Nintedanib,Trametinib,MDAMB231,1,0.9999933893038647,0.9999933893038647,0.30545787879299297,8.26790742994824,0.5902795265197119,0.08517714032127675,0.21052941839522382,29
Everolimus,Trametinib,MDAMB231,0,-1.79732093905954,0.9999933893038647,-0.1472108638524521,1.1136485483907597,1.0866536077118958,0.049046221248157225,0.218307526250073,26
Olaparib,Trametinib,MDAMB231,0,0.9999933893038647,0.9999933893038647,-0.02511764619766379,1.723090153752879,1.1251986336983877,0.04441516226946166,0.2500737927887922,28
SCH772984,Trametinib,MDAMB231,1,-0.6117463301718331,0.9999933893038647,-0.20214219740437106,2.2981787799617366,0.8818634471585807,0.06872102705116885,0.11593655233592337,16
ABT-199,Trametinib,MDAMB231,0,0.9999933893038647,0.9999933893038647,0.27405746616302573,9.999999999989656,0.8884539854166373,0.07221157247758724,0.25518768602598046,41
Tosedostat,Trametinib,MDAMB231,0,0.9999933893038647,0.9999933893038647,0.6323756031445189,1.143341727927673,0.7336911128263918,0.0807333667644228,0.08617788909081617,31
Navitoclax,Trametinib,MDAMB231,0,0.7986904216713332,0.9999933893038647,0.47668605267981484,2.183528533523292,0.6150378863103398,0.04788161730256806,0.05181531840433204,11
Iniparib,Trametinib,MDAMB231,0,0.9999933893038647,0.9999933893038647,0.10179475035883387,9.999999999999998,0.9465130732138652,0.04658183142497544,0.24160438340250953,32
Entinostat,Trametinib,MDAMB231,0,-0.25194450310282074,0.9999933893038647,0.028791345541417056,9.999999999396156,1.00194567171703,0.03978259613659778,0.25512530625268226,32
Pictilisib,Trametinib,MDAMB231,0,-0.24580797978995828,0.9999933893038647,-0.3299531678499703,0.6733438869681024,0.993656633617882,0.04920449733053649,0.06397229332571606,15
GDC-0068,Dactolisib,MDAMB231,1,0.9999933893038647,0.9999933893038647,2.227932392726541,0.46134957346393374,1.2106911193079595,0.08264350304952711,0.06896054625805678,14
KX2-391,Trametinib,MDAMB231,1,-7.298631909024125,0.9999933893038647,-0.9778139093662639,2.675095840738454,1.0225738461915794,0.08253114366659546,0.13098679964067605,14
Linsitinib,Trametinib,MDAMB231,1,0.9999933893038647,0.9999933893038647,0.16158824849716466,9.999999996200202,0.7944777972577433,0.060844644043788886,0.2882248322493172,37
Ponatinib,Trametinib,MDAMB231,1,-14.9898666972015,0.9999933893038647,-1.952360736031693,1.292204844612981,0.9867099066598816,0.10336394163592835,0.1265409991856594,12
AVN944,Dactolisib,MDAMB231,0,0.6816398285311643,0.9999933893038647,0.2217228767415582,7.295984596826907,1.4101703154395564,0.046804422948283596,0.06082668493259841,18
Everolimus,Dactolisib,MDAMB231,2,-0.8007030092610733,0.9999933893038647,-0.2123503010365286,0.7556636032062695,1.4908759075804632,0.09794294316300388,0.19370967114269502,27
Everolimus,Dactolisib,MFM-223,2,0.9999933893038647,0.9999933893038647,0.28279322903939746,1.9050442312702394,0.8571498275754316,0.07247763037764864,0.16235892481472697,39
Trametinib,Dactolisib,MFM-223,0,0.9999933893038647,0.9999933893038647,0.19609495861529846,3.060600467559414,0.5727520887385184,0.09856914527909529,0.24378428751405637,32
Refametinib,Dactolisib,MFM-223,0,0.9999933893038647,0.9999933893038647,0.21423484988927471,8.415094008415851,0.6762308386752643,0.0895043477600236,0.27835794099861955,37
Indibulin,Dactolisib,MFM-223,0,0.9592541679652258,0.9999933893038647,0.4921930443989902,0.8074721521668394,1.1970892623104465,0.06261933295436548,0.061873303045266476,18
GSK269962,Trametinib,MFM-223,0,0.9556730919244699,0.9999933893038647,0.19516189545268237,9.999999999999867,0.8433833479373122,0.04162248383298712,0.059031977059799054,14
Navitoclax,Trametinib,MFM-223,0,-1.6407347646565698,0.9999933893038647,0.19894739984353357,9.646901521877174,1.5064072897405085,0.04294064168053514,0.07872290845602758,12
Ponatinib,Trametinib,MFM-223,1,0.9999933893038647,0.9999933893038647,1.6538035503088122,0.668465693031905,0.3555821348864972,0.1020017196788876,0.06033312272386637,44
Olaparib,Trametinib,MFM-223,0,0.9999933893038647,0.9999933893038647,0.5093023239271531,1.723090153752879,0.45368479968375425,0.0628577566412531,0.08646393059739794,42
ABT-199,Trametinib,MFM-223,0,0.9999933893038647,0.9999933893038647,0.8676375576156403,7.402593304993145,0.4169450846564579,0.1136803512281543,0.0992336746614956,22
SCH772984,Trametinib,MFM-223,1,-13.62446424426165,0.9999933893038647,1.557955505795813,9.160686792711575,1.343887785754042,0.09872760099720652,0.09453588655833285,8
Entinostat,Trametinib,MFM-223,0,0.9999933893038647,0.9999933893038647,0.11047737862008082,1.723090153752879,9.99999998899708,0.024697263301931862,0.07846562888632203,7
Iniparib,Trametinib,MFM-223,0,-19.999993389303864,0.9999933893038647,,8.89062334466011,9.999999997639177,0.053336586595828024,0.0539786861098607,4
