d1,d2,level,alpha,alpha_raw,n,nA,nB
ABT-199,Trametinib,0,0.9999933893038647,0.9999933893038647,10,4.98393251733832,0.7322422732541785
AVN944,Dactolisib,0,0.7788772683868076,0.7796722846904753,4,5.151562788994447,1.6425615612315903
BGB324,Everolimus,1,-0.4376666167873628,-0.408625474986325,3,1.050937154167831,1.1340634825972153
BIIB021,Dactolisib,0,-0.23044920244069528,0.16753920534847988,4,4.273855589739293,1.4256577780998678
BMS-754807,LY3009120,1,-4.575041750498497,-4.3753232157436255,3,0.38459557117620125,1.4645554989812304
BMS-754807,Trametinib,1,-0.7662650247895255,-0.6855656228529324,3,0.38140087890106467,0.9830530095916532
Cisplatin,Everolimus,0,0.23777849786053318,0.19858983991132884,3,1.1103734268260073,1.0607634377784105
Cisplatin,Ipatasertib,0,0.9999933893038647,0.9999933893038647,3,1.2034421247736928,0.8830170699845455
Danusertib,Dactolisib,0,0.7087881618499761,0.7314213291926022,4,2.9730733027455667,1.2403919152898504
Dasatinib,Dactolisib,1,-0.3711592198863254,0.5474442273038083,4,1.360630705683223,1.1872005362221278
Dinaciclib,Dactolisib,0,-1.322342948158858,-1.251938637263417,4,3.7349528035250126,1.5911907950666533
Entinostat,Trametinib,0,-4.999993389303865,0.9999941472295432,10,8.756901034377663,2.8970231475793042
Everolimus,Dactolisib,2,0.09964481637212147,0.31333458392579683,10,1.7498994422752865,0.9954271247367984
Everolimus,Trametinib,0,-0.9723178765402699,0.44714471504649655,4,1.1298487766538305,2.789512573680705
Floxuridine,Dactolisib,0,0.9999933893038647,0.9999933893038647,4,2.1089750556514444,1.1864526325569864
GDC-0068,Dactolisib,1,0.8468813102521674,0.8153591268803186,4,1.7393959073972152,1.340560716366674
GDC-0068,Trametinib,0,-3.563164467020906,-3.00247708721174,4,4.959586257203277,1.5920936753752533
GSK269962,Trametinib,0,0.9999933893038647,0.9999933893038647,10,6.342309492843864,1.4763276603310906
Indibulin,Dactolisib,0,-3.7646856337829613,-2.6043343505650194,10,1.721135188117806,1.818815178414088
Iniparib,Trametinib,0,0.7351653225167016,0.7351825502002244,10,6.99044302880397,5.6881083733849405
KX2-391,Trametinib,1,-2.5973130660039807,-2.6015227797798692,4,6.337502565017655,0.9168941322898555
Linsitinib,Trametinib,1,0.9999933893038647,0.9999933893038647,4,9.502621965812889,0.7565653120274031
NVP-LCL161,Trametinib,0,-2.7823188218857835,-2.564788625067888,3,1.6730170282037569,0.7902656819690034
Navitoclax,Dactolisib,0,-4.999993389303865,-4.999993389303865,4,5.656045634675806,1.599409826485432
Navitoclax,Trametinib,0,0.29272108929864094,0.9286064843787678,10,7.9259679056672905,1.46585046140661
Nintedanib,Trametinib,1,0.9999933893038647,0.9999933893038647,4,6.854066008264602,0.6925179146336855
Olaparib,Trametinib,0,0.9999933893038647,0.9999933893038647,10,9.116835151841947,0.9814759711507446
Pictilisib,Trametinib,0,-1.309910173207276,-1.106870986891122,4,1.5187815704423404,4.870076974019636
Ponatinib,Trametinib,1,-2.441532615851411,0.9999933893038647,10,1.8274958073909662,2.913546410719254
Refametinib,Dactolisib,0,0.5795084342020179,0.5620165009633972,10,8.16175183184931,0.9709053512671921
SCH772984,Trametinib,1,-4.999993389303865,-4.999993389303865,10,1.168490601956416,1.420652561855056
SNS-032,Dactolisib,0,0.2059345330481933,0.3176628976681217,4,2.0227418045833314,1.2540786914158781
TAK-901,Dactolisib,0,-3.321358425654795,-3.209260753290306,4,1.3156819328730993,1.5200958969006728
Teniposide,Dactolisib,0,-0.4835887188095637,-0.2569525696468592,4,1.044611175140606,1.343611433368598
Tosedostat,Trametinib,0,0.9999933893038647,0.9999933893038647,4,1.1012748614486165,1.3253148277382858
Trametinib,Dactolisib,0,0.9999933893038647,0.9999933893038647,10,1.6192846163971482,1.021575501224873
