src,pid,sigma,rms_BL,rms_Bm,frac_cells_BL_gt_2sig,max_e,mean_ab,ratio_BL,ratio_Bm
18,1,0.04537860576582511,0.02975094176326044,0.054398097053417506,0.0,0.83246672054406,0.04518823677147483,0.6556160389058504,1.1987608727808254
18,2,0.052902350777780105,0.02564765572636488,0.06118280731410145,0.0,0.806646233919377,0.05571080502575919,0.4848112673499064,1.1565234136967555
18,3,0.039811290848693365,0.036221281570630495,0.06525548030452143,0.0,0.910156937640123,0.05662604863451812,0.9098243437594866,1.639119930889233
18,4,0.045693742144481686,0.0377676864911359,0.05142121120527165,0.0,0.892902567335798,0.10761543134595018,0.8265395811031643,1.1253447144398887
18,5,0.032496050326689785,0.04430508471369308,0.07062872852015879,0.08163265306122448,0.917875217898159,0.16006371845488512,1.3633990675261927,2.1734557833986896
18,6,0.0008211565879546154,2.360787572368368e-09,7.08236245316278e-09,0.0,0.201301836519376,6.758671586200695e-10,2.874954189004018e-06,8.624862245584537e-06
18,7,0.03032970753909701,0.02946702480066324,0.05656748601529363,0.061224489795918366,0.97333482927559,0.046794475725106206,0.9715565098238512,1.8650851130817656
18,8,0.029468926902926126,0.03861262629003376,0.07493481031214705,0.14285714285714285,0.950207561988107,0.07549629605022373,1.3102827400952868,2.542841500777769
18,9,0.028466983589888056,0.011947403201018445,0.030322873562278068,0.0,0.9415152228038189,0.015038519174824246,0.41969333221740995,1.0651944722745144
18,10,0.04398522592395126,0.012752901083273541,0.02811125001469481,0.0,1.0,0.036936324784569007,0.28993601409079517,0.6391066414731634
18,11,0.033820929993016356,0.010434852989988707,0.02543372099756826,0.0,1.0,0.03764595983042914,0.30853240854534125,0.7520112842201572
18,12,0.012636587527431582,0.0024461815791735324,0.007079972225496251,0.0,0.350205772697219,0.001679771708366634,0.19357928506120392,0.5602756448390045
18,13,0.03562135579889636,0.03493274059052472,0.047579310369045086,0.08163265306122448,1.0,0.21139408813863111,0.9806684728043683,1.335696222166794
18,14,0.02901228577308361,0.05488760826644312,0.052104339517504115,0.3469387755102041,1.0,0.3507087254424384,1.8918746594370568,1.7959405172357825
18,15,0.01650260445715048,0.03129434767429548,0.0565443310920112,0.32653061224489793,0.9973247258550729,0.056243088027181566,1.8963278042294605,3.4263883157855655
18,16,0.05317243689248339,0.023838691147887694,0.043057202087976844,0.0,0.9981106962508041,0.08594917797472719,0.4483279785745084,0.8097654462412561
18,17,0.04453358400566035,0.03184428451349876,0.05784529924728611,0.0,0.9989033065308099,0.14675002522877154,0.7150622440235499,1.298914078865375
18,18,0.021194083010850188,0.013570341184928057,0.03157257507724504,0.0,0.941082998725263,0.06608237541454498,0.6402891400387929,1.4896881861358025
192,1,0.03056673694613683,0.03214793718003057,0.06412268638335396,0.0,0.74,0.06222388638048363,1.051729441604449,2.097792986420099
192,2,0.021052463369099845,0.006962169032938566,0.01727881731008824,0.0,0.7201373031642,0.004889464295710195,0.3307056713922335,0.8207503799982645
192,3,0.012658680251766051,0.00793683453570612,0.01893411858809812,0.061224489795918366,0.72,0.005722297348706443,0.6269875198560947,1.4957419108091117
192,4,0.024643158853356682,0.019754354446539387,0.033354366927681685,0.061224489795918366,0.795579905696747,0.02071125482650724,0.8016161630938242,1.3534939707268265
192,5,0.00036706354207714353,0.002676577734398809,0.007545770467663681,0.12244897959183673,0.249733104000475,0.0009871647347076535,7.291864834226137,20.557123229846216
192,6,0.012637561258006557,1.7732658643482036e-07,5.319765259563156e-07,0.0,0.20329320008303398,3.746474098141386e-08,1.4031709347598585e-05,4.209487219057242e-05
192,7,0.02433860867292079,0.009751239571642737,0.024295346775166305,0.0,0.43311593337711196,0.006601084111004617,0.4006490141933214,0.9982224991438143
192,8,0.019540287550999094,2.354509871106574e-07,7.063504522974827e-07,0.0,0.174101546176348,1.0219248925029455e-07,1.2049514957041602e-05,3.6148416467973985e-05
192,9,0.005110828093885281,0.0001707567348116875,0.0005117877889401147,0.0,0.24627634171094304,0.00019266916255096156,0.03341077642896755,0.10013793841988738
192,10,0.014269493232257121,0.004977505733820171,0.013574944308781922,0.0,0.2793639185720259,0.0028179604750061707,0.34882147899745974,0.9513263076571545
192,11,2.0526575514527765e-06,1.619123133940338e-07,4.857346723706021e-07,0.0,0.20503999761208302,3.896948105215535e-08,0.07887935972536662,0.23663697435883616
192,12,0.01361996718693164,1.5410805309093732e-07,4.6232262405622193e-07,0.0,0.15108799474658197,4.91669356853617e-08,1.1314862288273647e-05,3.394447414673807e-05
192,13,0.057106541371549066,0.02932383858081928,0.06067860798443796,0.0,0.6144361318924909,0.0395605270119312,0.5134935136420055,1.0625509184604292
192,14,0.05551856222276411,0.024461593816603393,0.04281913202469453,0.0,0.674286505957329,0.026172021381460613,0.44060207680546665,0.7712579416751812
192,15,0.0564714068326501,0.014477983427147099,0.0335577901078307,0.0,0.6695067885840951,0.013001831786513299,0.25637724007924584,0.5942439190027151
192,16,0.05169452432576499,0.007675310847847923,0.02075998585208855,0.0,0.661194236630646,0.006279625406393173,0.14847434903318152,0.40158964847543044
192,17,0.015779997686129848,0.0069329122224253735,0.016517466811151706,0.02040816326530612,0.48247436963147694,0.002875200470020843,0.43934811400632834,1.0467344254220057
192,18,0.002915490346902757,2.2253860267222204e-07,6.676113088657061e-07,0.0,0.627112773621502,6.41903631416272e-08,7.632973400465337e-05,0.00022898765882553394
192,19,0.03962054993539838,0.01628286156297253,0.02878070359525296,0.0,0.872527400190896,0.01662009031596519,0.4109701048956126,0.7264084835314029
192,20,0.0443762943395172,0.0012160110642368378,0.0035890121859965766,0.0,0.49040581904354397,0.0007838793736707406,0.02740226696112336,0.0808767888219218
192,21,0.055797451871426,0.00521488852050241,0.014125601996276544,0.0,0.582825922390811,0.0035077651147441664,0.09346105145659826,0.2531585497636371
192,22,0.0281426041458631,0.015147044822484966,0.02718184419357506,0.02040816326530612,0.764703946285752,0.011418090756680457,0.5382247052894551,0.9658610145916695
192,23,0.027948154097961062,3.03093139178398e-07,9.092683544584297e-07,0.0,0.5223973932791359,1.1346007571647094e-07,1.0844835695267258e-05,3.2534111242959144e-05
192,24,0.018534596228274372,0.0023917303665740583,0.006715339719472788,0.0,0.42622519171905304,0.0006449869794470251,0.12904140651985144,0.36231378535393144
192,25,0.03997829007749889,0.03320031010531975,0.035573851692395825,0.061224489795918366,0.928557925911405,0.0865514213083718,0.8304584823653073,0.8898292454088218
192,26,0.00901053187323577,0.0006537985077257172,0.0019107274414138348,0.0,0.905075299834067,0.0006807461640792536,0.07255936907206474,0.212054900675655
192,27,0.054362631377292574,0.03153331598169336,0.03587155415518511,0.0,0.962500612620686,0.11600506890091791,0.5800549970225487,0.6598568400088293
192,28,0.014320615318670769,0.019241178613707652,0.020295280116234733,0.08163265306122448,0.912636789447521,0.025342600990545215,1.3435999910298273,1.4172072683060193
192,29,0.029024640880550123,0.03108188535562776,0.026463659875465673,0.16326530612244897,0.931162439000483,0.08696793331213126,1.0708792395931497,0.9117652819332347
192,30,0.11393315663240934,0.02385376199379201,0.03996702528833644,0.0,0.9721205077400251,0.06273387271126174,0.20936628720604225,0.3507936273308472
192,31,0.01914838543612288,0.0069474040899904195,0.016637403894965222,0.0,0.931692224721653,0.010986898104703983,0.3628193151410218,0.8688671925090475
192,32,0.01901537037506694,0.02587906005548041,0.038662736531884935,0.1836734693877551,1.0,0.0638839893331175,1.3609548247039762,2.0332360490111583
192,33,0.017710518723544493,0.017148036810980094,0.03555344637098011,0.08163265306122448,0.9399095947374769,0.04669750623396636,0.9682402350069718,2.0074762871691103
192,34,0.02438455550879761,0.004581403859557352,0.012527252390520102,0.0,0.945146571483313,0.010166370222567826,0.18788137671422572,0.5137371639192047
192,35,0.008142631344196028,0.009403131976284344,0.019289477379969684,0.08163265306122448,1.0,0.012645330356673694,1.1548026158628422,2.368948877161066
192,36,0.0130819639303732,0.024811429664823133,0.022351607755917036,0.16326530612244897,0.980528097302744,0.0704707628329015,1.8966135204834889,1.7085819739971866
192,37,0.015160700032243435,0.007506069261321975,0.02060631176264743,0.0,0.38648209057722194,0.006905193402717018,0.49510044030672967,1.3591926308694449
192,38,0.021073045418040594,0.009284627838336256,0.02225792570791178,0.0,0.973795496439802,0.017291514049458622,0.44059259846646104,1.0562272925609895
192,39,0.026002491195345832,2.5254977193239453e-07,7.57646644818189e-07,0.0,0.16484620667220895,1.1317192554575762e-07,9.712522159322882e-06,2.9137463757849464e-05
192,40,0.012805048129292205,5.589624914168158e-07,1.676866967657808e-06,0.0,0.507189070011205,2.9084085087034545e-07,4.365172905037041e-05,0.00013095358570514772
192,41,2.9849331884240265e-06,8.893743985620041e-12,2.668123195067196e-11,0.0,0.11700581920699804,1.5161636457542097e-12,2.9795454116397577e-06,8.93863623284614e-06
192,42,0.007298007849309495,0.0006187420642227258,0.0018328232234918447,0.0,0.21550583727906902,0.00021139992225115755,0.0847823237517165,0.2511402099499329
192,43,0.013219719305988519,2.0908834341812492e-07,6.272633093794066e-07,0.0,0.13804962834214707,8.987468179155979e-08,1.5816398107893875e-05,4.744906414883234e-05
192,44,0.015629967208775263,0.0035021486665991488,0.010115326901280745,0.0,0.211715543064236,0.0022788488974782007,0.22406628368566944,0.64717518380983
192,45,0.011615286633689279,0.002830661637321185,0.008034044112255416,0.0,0.28733404829703,0.001205601360971812,0.2437014020051008,0.6916785065771227
192,46,0.005157763048650539,1.7580810024835893e-07,5.274225764065165e-07,0.0,0.13054990569875402,5.449403113307214e-08,3.408611419137542e-05,0.00010225800825505344
192,47,0.001752375180141611,0.0005102348744872921,0.0015171707898531638,0.0,0.26385858511149707,0.0001501160788212331,0.2911675994212949,0.8657796612541384
192,48,0.018393883808067203,0.005341331815827594,0.014535158532237009,0.0,0.5139676787101071,0.00305088632647267,0.2903862975085767,0.790216937537801
192,49,0.019933586721214105,0.021641960142933937,0.024824411197165004,0.12244897959183673,0.992659506050548,0.11691730778365354,1.085703262820319,1.2453559685144817
192,50,0.007075973248929737,0.0033373276060571135,0.008641760147751067,0.0,0.895614184229396,0.007424454439567242,0.47164220223160036,1.221282195923813
192,51,0.008862425149926887,1.5463370103541763e-07,4.6389943779873607e-07,0.0,0.14306940573785598,4.698662055571093e-08,1.7448237747507895e-05,5.234452533599825e-05
192,52,2.0489297643431546e-06,6.62348156843673e-08,1.987041342304762e-07,0.0,0.16187526334853697,1.504642331310826e-08,0.03232654278200739,0.09697947566991234
192,53,0.0066096252208247,0.023985885769014365,0.026439603022794644,0.16326530612244897,0.9018680189537018,0.05107413265959427,3.6289328014306967,4.000166747653464
192,54,0.01859864631243049,0.02577833425947018,0.042657007864880844,0.14285714285714285,0.977091449396424,0.06960058827466627,1.3860328233803292,2.2935544419902665
192,55,0.013701843096988669,0.03483787710027034,0.04788230331902623,0.30612244897959184,0.904422194215664,0.08441650441831029,2.542568678802551,3.494588500254363
192,56,0.013923849102439361,0.04469018338880154,0.054270342874623116,0.46938775510204084,0.957717331150682,0.14226884427924155,3.2096141706227,3.8976537647995144
192,57,0.022509339442747613,0.03165107806211649,0.033870701072158206,0.1836734693877551,0.99387989526994,0.18718148679039012,1.4061309147974264,1.5047398951136775
192,58,0.008620346452198932,0.03368425374454577,0.03969355283766187,0.30612244897959184,0.937068953489994,0.08690512472628882,3.9075289991335995,4.604635446819726
192,59,0.013672750840766267,0.025210573239692603,0.027058216493307693,0.22448979591836735,0.98,0.13026893764968406,1.8438552368354075,1.9789884865473977
192,60,0.0304877453016796,0.03746026239230658,0.043858455375549915,0.1836734693877551,0.965027972971088,0.10777165567422134,1.228699007474418,1.4385601474154832
192,61,0.008531803089829594,0.010675642674989794,0.024620309811661873,0.14285714285714285,0.857293243589445,0.019659481292287125,1.2512762616047457,2.8857100371914015
192,62,0.025437465976063226,0.038648994981371955,0.04474318626769399,0.22448979591836735,0.93674919067471,0.11356346675707649,1.519372842316166,1.7589482501833138
192,63,0.015772693556115075,0.038648071243654596,0.04828184272382386,0.30612244897959184,0.865537881081585,0.10979043291823809,2.450315230315924,3.0611032004172163
192,64,0.008234095131651216,0.00877073854520585,0.02004541055077754,0.10204081632653061,0.857209399818339,0.010973382286205511,1.0651733317352405,2.434439999815469
192,65,0.013684540683546815,0.003083987371363629,0.008403709169871505,0.0,0.913105247222675,0.0036791608734677863,0.22536287060562915,0.6141023921961404
192,66,0.007833299564047842,0.026986338047089956,0.027058249417972864,0.1836734693877551,0.885464750681231,0.0855489249076884,3.4450792831858483,3.4542594977678305
192,67,0.02442073071983952,0.005183550778777282,0.014352134820465559,0.0,0.381768393236272,0.003812924079145112,0.2122602651920706,0.5877029227796945
192,68,0.0034999150103782847,0.00568700013763373,0.014908334256088174,0.08163265306122448,0.570761448966933,0.0036609904202307302,1.6248966391384048,4.259627508633938
192,69,0.014273119558301807,0.009658409531596667,0.023369022743089805,0.04081632653061224,0.387003071212801,0.005405828333703701,0.6766852538539101,1.6372750643357052
192,70,0.027011136486453133,0.009054543936767342,0.02364561203595586,0.0,0.5849223119323419,0.010068946965837001,0.3352152154467273,0.8754023381361543
192,71,0.007715949058869886,0.0018145608041907288,0.005197298751251513,0.0,0.19571038816297104,0.0004719216265832979,0.23517013789830513,0.6735786760122459
192,72,0.018000428758079765,0.002886747690018937,0.00813950034824152,0.0,0.312446732865003,0.0011386684462453668,0.16037105164637683,0.45218369282387133
192,73,0.008916946262704019,0.000409818230001739,0.0012230342675616638,0.0,0.16375968512513295,0.00019473466766099535,0.045959481859371855,0.13715842077877285
192,74,0.014721546382921146,0.008806098399750339,0.023535059114138744,0.02040816326530612,0.35310047775824893,0.00739625097166452,0.5981775399605116,1.598681178048142
192,75,0.024056553299540522,0.0026596511867135694,0.007509233732868467,0.0,0.2773522786345519,0.0009741869339217431,0.11055828129644692,0.31214919441563943
192,76,0.004511786206869934,1.7177341116393597e-07,5.153186460969507e-07,0.0,0.13545065227615893,5.8417127405112476e-08,3.807215220047058e-05,0.00011421610476850468
192,77,0.00020566044589566762,0.0010068888679816298,0.002938676231461006,0.04081632653061224,0.19126667821867993,0.0002331339537570545,4.895880020081394,14.288971409464942
192,78,0.008643930693187715,0.00856405117480216,0.01867517249334622,0.04081632653061224,0.716038319677204,0.005288615790222376,0.9907588895352311,2.1604953991665075
192,79,0.02065993645765365,0.032500279791896854,0.04251048734758897,0.22448979591836735,0.8934874041727789,0.08093576056188524,1.5731064738999643,2.057629142989963
192,80,0.01791719880407437,0.011133094284576837,0.02428016133931654,0.02040816326530612,0.908137455101931,0.026954973083177097,0.6213635516532402,1.3551315473373682
192,81,0.006211652587205375,0.0007261081892061345,0.002146513809557363,0.0,0.23829969734924705,0.00026040647438456963,0.11689452669998901,0.34556243759973065
192,82,0.020169791612493177,0.005089304259036099,0.01320944362686221,0.0,0.83079337384922,0.0057687837325707545,0.2523230956875024,0.6549122509862856
192,83,0.020667207591095964,0.029338043937398986,0.0306568414914345,0.16326530612244897,0.883311320892649,0.07625367534644115,1.4195456163143525,1.4833567310100646
192,84,0.016074699749962097,0.045369029187314926,0.06217762274885629,0.4897959183673469,0.870825149741455,0.1328525772018825,2.8223873473855647,3.8680425585555898
192,85,0.020048491052876892,0.025443107196375107,0.035501273495005786,0.12244897959183673,0.9715346770353911,0.08455426464497785,1.269078412398728,1.7707703488194175
192,86,0.019635505421624212,3.9081521818699244e-07,1.172427822210579e-06,0.0,0.9780860180923661,5.139956158293027e-07,1.990349674200874e-05,5.970958205737889e-05
192,87,0.014430254177903013,0.017636492859453616,0.017305893298553348,0.061224489795918366,1.0,0.21162844874796888,1.2221886490717746,1.1992784801430447
192,88,0.009882200343119329,0.019066848687708776,0.02216637274823041,0.14285714285714285,0.975914934137439,0.07357526818295178,1.9294132911385908,2.243060449959828
192,89,0.008116663942459057,0.013491719402829642,0.010657309090073818,0.061224489795918366,0.996521187113157,0.1460458373231921,1.662224714300804,1.313015934332873
192,90,0.018813119949298823,0.020235612289683073,0.02578847083000454,0.061224489795918366,0.990046024440565,0.06202973524612296,1.0756117190672176,1.3707705526517782
192,91,0.04733313667203956,0.023075618099824266,0.027975639689664496,0.0,1.0,0.22480887904128166,0.4875150839824947,0.591037096981366
192,92,0.03840167292402623,0.028616960201660973,0.03362727523544832,0.02040816326530612,1.0,0.17723576963319157,0.7452008733649884,0.8756721432937683
192,93,0.018199718302235855,0.00024270133226019422,0.0007220195900681847,0.0,0.983523760638264,0.00047625327671058516,0.013335444440938303,0.0396720200872276
192,94,0.028495880485020723,0.02289463749149422,0.023713553322333467,0.04081632653061224,1.0,0.19563589401676393,0.8034367460071683,0.8321747887312639
192,95,0.012076279821677133,0.02193462364932385,0.026323648651326245,0.1836734693877551,1.0,0.06965747269378401,1.8163394665591315,2.1797812770183445
192,96,0.01752251984033817,0.009349901342004627,0.01659642514928,0.02040816326530612,1.0,0.12400952275029087,0.5335934230464071,0.9471483154536808
192,97,0.03552300940998144,0.005085536283491758,0.012957629376152045,0.0,1.0,0.01532705415736681,0.14316175256431954,0.3647672196520361
192,98,0.02256838911765915,0.005245195773365783,0.011956366028729919,0.0,1.0,0.010315783560485505,0.23241338785946225,0.5297837593279703
192,99,0.0250499330997865,0.005199992351965612,0.011934019852085673,0.0,1.0,0.010234639721319341,0.20758507941923132,0.47640925045773425
192,100,0.018452611672422643,0.023993030615758738,0.033617854728596415,0.16326530612244897,1.0,0.17710970064670578,1.300251207888162,1.8218480573586324
192,101,0.004938138248928153,0.008747883605220498,0.01687465284718728,0.061224489795918366,1.0,0.02433401901204434,1.77149426853719,3.417209481903429
192,102,0.020588487957857893,0.014716131774636373,0.022065544844674743,0.02040816326530612,1.0,0.24383415392144872,0.7147747714527889,1.0717418826404448
192,103,0.03836984308896094,0.008483621576070403,0.0193752101677919,0.0,1.0,0.03387526528851106,0.22110128405792606,0.5049593276383811
192,104,0.03242163151477735,0.012571761381608733,0.02368592017516351,0.0,1.0,0.04027553929304296,0.3877584437994334,0.7305591689415069
192,105,0.023213273711026113,0.01796277359003633,0.025866704257576024,0.04081632653061224,1.0,0.07060154246690867,0.7738147498559913,1.1143066066243623
192,106,0.032106271416763824,0.007015685544771713,0.017492384966861133,0.0,1.0,0.031871954997898265,0.21851449063339615,0.544827667460873
192,107,0.004556229102967209,0.009960884121239322,0.01694757521020973,0.04081632653061224,1.0,0.02601485664130364,2.186212303229522,3.7196494792530856
192,108,0.016239693054151155,0.014727652933828675,0.025273044096002575,0.04081632653061224,1.0,0.06086539450247434,0.9068923214693411,1.556251341187901
192,109,0.027271545170577904,0.011563875919362815,0.023295318344602356,0.0,0.978983853448381,0.02358418933650609,0.4240271626353824,0.8541986968063208
192,110,0.03196151277135837,0.016011198694349308,0.009107901996322179,0.0,1.0,0.2019076388543419,0.5009524677035125,0.2849646717749866
192,111,0.028313151031037116,0.004532750473475596,0.010773071416395361,0.0,1.0,0.008745953563949445,0.1600934657010361,0.3804970843614626
192,112,0.02329917902509045,0.012592204029259361,0.019019577810002575,0.02040816326530612,1.0,0.08636363648911521,0.5404569841580706,0.8163196561355551
192,113,0.0033663515743237826,0.01922541276038796,0.015767353283586617,0.14285714285714285,0.965656541001013,0.07229413816698076,5.711053149357959,4.683810628648878
192,114,0.0320489002514222,0.029207466865872996,0.03361120369039139,0.08163265306122448,0.994105227186741,0.1137978558825539,0.9113406899064154,1.0487474898268891
192,115,0.10592250430101408,0.00516450056284535,0.01432892230156467,0.0,0.3784734877524599,0.0033986564224839514,0.04875734950684985,0.13527741244527475
192,116,0.02864194128776953,0.0017735104170498721,0.005219547459064695,0.0,0.46328880063342903,0.001201466545479982,0.061920049316181766,0.18223441653703504
192,117,0.03903564063220199,0.0056783861360249505,0.013481594089841438,0.0,0.409183455452637,0.0016554063024147088,0.14546670796381483,0.3453662824921069
192,118,0.08460410501227965,0.0034873798261075015,0.010226704251809018,0.0,0.515508942149384,0.0032853246100530953,0.041219983659201105,0.12087716370647368
192,119,0.06239019768150115,0.0025215313895313738,0.007438066725350401,0.0,0.21417798836200896,0.002053474046079113,0.04041550569215482,0.11921851511548916
192,120,0.06880632896292266,0.004482193599885093,0.012909667824516831,0.0,0.24935588874784798,0.0029673258736389765,0.06514217031256517,0.1876232611025274
192,121,0.08111758298977116,0.005052136921976006,0.013005872941833276,0.0,0.48025686265159795,0.0017818550455606528,0.062281650115401925,0.16033358567245898
192,122,0.029250266792271294,0.002228542437812378,0.006559299466343415,0.0,0.394061640678397,0.0024835179779180033,0.07618879012759018,0.2242475090202103
192,123,0.044005865936419364,0.0013184467269180232,0.003906778215764139,0.0,0.24595234689173906,0.0007987381699073361,0.02996070407574626,0.08877857832427925
192,124,0.0281426041458631,0.015147044822484966,0.02718184419357506,0.02040816326530612,0.764703946285752,0.011418090756680457,0.5382247052894551,0.9658610145916695
192,125,0.12765468630095966,0.005347121207091286,0.015625531240900704,0.0,0.47663281038895,0.006287107775122346,0.04188738668382978,0.12240468167429304
192,126,0.054578207728697946,0.0031245449345939317,0.009168178493879837,0.0,0.3893122248184,0.0024050028686803276,0.057248947237800274,0.1679824031498764
192,127,0.018143500049841742,0.048476657428761866,0.07852664870369884,0.5714285714285714,0.680255664358586,0.11232579914739195,2.671847068955403,4.328087110424088
192,128,0.024399788493418232,0.029982285273569276,0.05020086131900551,0.16326530612244897,0.7386405539394441,0.04860933552909524,1.2287928348910444,2.0574301835668387
192,129,0.02221502944268647,0.027511330852088966,0.045554956490653095,0.16326530612244897,0.757262260826812,0.04279747786008573,1.2384107310353405,2.0506367821020595
192,130,0.02141331139851287,0.030277910752212273,0.0452349160332011,0.14285714285714285,0.813035194821158,0.04635804470410738,1.4139761099404289,2.112467109423469
192,131,0.01390553883008435,0.022462930319649292,0.048399270544188557,0.22448979591836735,0.42000000000000004,0.02264384520644563,1.6153944549815789,3.4805749806312947
192,132,0.010784032995407623,0.006606334898086726,0.016555312799660507,0.04081632653061224,0.6685786864424139,0.0030675515606211033,0.6126033647059529,1.5351689675569966
192,133,0.025470836737942253,0.021690277247078667,0.040076536409496266,0.061224489795918366,0.5515079985326721,0.02164995191861876,0.8515730154544969,1.5734283416687622
192,134,0.020963331371463098,0.0030526906572508053,0.00858343923937948,0.0,0.49578143192076407,0.0016479718005084382,0.14562049338238114,0.4094501530927436
192,135,0.016849938763723565,5.432941367732755e-07,1.6298640976339141e-06,0.0,0.506403610902885,3.0929973922360204e-07,3.224309265401842e-05,9.672819115181997e-05
192,136,0.017443052767445327,0.020933659866755938,0.04144033328019205,0.10204081632653061,0.600886776503613,0.02016325789526573,1.2001144608027141,2.3757500382922547
192,137,0.003878700200605217,3.8045436319567683e-07,1.1413523379474728e-06,0.0,0.47383530837812404,1.618275113591091e-07,9.808810774710358e-05,0.0002942615512715782
192,138,0.011458994999977266,0.00014648859302649866,0.0004378102742744397,0.0,0.47842868307309505,6.191003504567759e-05,0.01278372082602264,0.038206690401323004
192,139,0.029299427284630353,0.05713224628750273,0.10670258566926417,0.4489795918367347,0.468340040767261,0.12048418741382097,1.9499441314155885,3.6417976581145433
192,140,0.010170535267911835,6.19980725434968e-07,1.8599200593700384e-06,0.0,0.470691998118434,3.647638633212548e-07,6.0958514876892947e-05,0.00018287337002194067
192,141,0.016582450233535245,5.827587808144732e-07,1.7482521469111742e-06,0.0,0.71,4.821060222003044e-07,3.51431044632922e-05,0.0001054278542851059
192,142,0.06504955309910646,0.03100584214183563,0.06276300842438196,0.0,0.743754246589662,0.046388521797066054,0.4766495796611635,0.9648491870306807
192,143,2.2103468414818663e-06,2.930726341473546e-07,8.792063653765288e-07,0.0,0.48276537918779094,8.571245395549799e-08,0.1325912425358873,0.3977685080351865
192,144,7.972792776171203e-07,0.012633025693056627,0.021287547342936954,0.08163265306122448,0.597619296503423,0.006244051902260839,15845.170002177607,26700.23910136033
192,145,0.06952599998064593,0.01843845151104598,0.048641206935208056,0.0,0.48022290209790197,0.026614963150376002,0.26520224831255534,0.699611756015712
192,146,0.027685929577494543,0.003037299959267641,0.008717063422520693,0.0,0.22745483682983703,0.0013390028400778254,0.1097055437768871,0.3148553635564636
192,147,0.0341466512526601,6.049931195865764e-07,1.8149571095270548e-06,0.0,0.639459498834499,4.4031789294953345e-07,1.771749490484652e-05,5.3151833135779766e-05
192,148,0.03929582002980126,6.038947636345086e-07,1.811663633970852e-06,0.0,0.5876675407925409,3.54632820930969e-07,1.5367913512850106e-05,4.6103214860942415e-05
192,149,2.540585233660236e-06,2.646736647407439e-07,7.940119529095701e-07,0.0,0.36527534965035,6.108237242236139e-08,0.10417822682509535,0.3125311217233332
192,150,7.642091108526231e-07,0.007295005240323447,0.01609766977523125,0.04081632653061224,0.48779865967366,0.002579149257549175,9545.823435923785,21064.48293618377
192,151,0.016565624927414615,0.01771791287857847,0.03742600624595684,0.12244897959183673,0.583707327752369,0.014526906853541128,1.069558978681023,2.259257130953157
192,152,0.018637692940218834,0.034786908536423806,0.06365577713513428,0.24489795918367346,0.708436647804339,0.052713380824732606,1.8664814710707085,3.4154322286193253
192,153,0.036181454331488706,0.029761339964958996,0.039940468114676865,0.08163265306122448,0.925827745230084,0.08195811395092249,0.8225578687990359,1.1038933855103965
192,154,0.022760997889504125,0.020747040793921482,0.042049547361578045,0.08163265306122448,0.729596086027442,0.020782508746004295,0.9115171880705921,1.8474386564997016
192,155,0.011721729943952153,0.02316645070466539,0.03227251344160614,0.16326530612244897,0.889020031505956,0.05912817287973624,1.9763678924046668,2.7532210344307755
192,156,0.027601609498301396,0.028569353298090423,0.04475163321627663,0.12244897959183673,0.900841903873519,0.041980287585562395,1.035061136556134,1.6213414373183797
192,157,0.005538941534573807,0.034210855449350076,0.0567463965508141,0.3877551020408163,0.795800093852651,0.05082819474096364,6.17642472588085,10.244989263130117
192,158,0.012966808271198426,0.01836861214285654,0.036921748571814184,0.14285714285714285,0.623824495541999,0.016875041049242527,1.4165870088213206,2.8474045269739907
192,159,0.008099948023789981,0.021844363792066814,0.041191542247403345,0.1836734693877551,0.5950211168465509,0.024191366283100754,2.696852341263024,5.085408218228262
192,160,0.02115113352567119,0.03284432630715147,0.05756060781195745,0.22448979591836735,0.845579540122008,0.04954159722785513,1.5528400058222989,2.7213958884092895
192,161,0.01987931089300718,0.02351733422322369,0.04009927221353778,0.12244897959183673,0.900736743312999,0.028478945729800347,1.1830055050598478,2.0171359273647282
192,162,0.021191541538203396,0.027917687361952853,0.045069220262178404,0.12244897959183673,0.6877381511027689,0.03625168976477253,1.3173976660274471,2.1267551575202366
192,163,0.016581281281756257,0.01741976642711797,0.0408158588734264,0.10204081632653061,0.5311314676574741,0.020552145425032937,1.0505681757105385,2.4615624196867407
192,164,0.00410075745535863,0.0006135723836644353,0.0018091749505214918,0.0,0.559557430812233,0.0003045222298903759,0.14962415854725933,0.4411806770374502
192,165,0.00971947326219774,0.0018875702982515546,0.005383816941884068,0.0,0.637336446560836,0.001098170689505293,0.19420499931749824,0.5539206494680653
192,166,0.026261241804072702,0.01863905102951542,0.04337619173598498,0.0,0.68488744423076,0.022113239729767628,0.7097551276735437,1.651718987990051
192,167,0.018921229206449963,3.9437698825556355e-07,1.183116133184359e-06,0.0,0.56144668194215,1.9823730571141233e-07,2.084309554905272e-05,6.25285027878132e-05
192,168,0.029578134302825465,0.02191039436665734,0.0398968726568799,0.04081632653061224,0.645329432110487,0.021820777489134708,0.740763232134095,1.3488637332026967
192,169,0.03485715619958565,0.003969195910923016,0.01142096417063494,0.0,0.584363006422097,0.005588236748739239,0.11387033090697739,0.3276504860362276
192,170,0.019667875898770604,0.030231696035361827,0.057028833563044876,0.1836734693877551,0.636275757778777,0.041749519707786675,1.537110371804387,2.89959291265457
192,171,0.019036584201981278,0.024333614745109415,0.03858905200547615,0.14285714285714285,0.739354727563336,0.03027618983313915,1.2782553049919974,2.0270995886677983
192,172,0.03216516693691393,0.007170087608250211,0.01961668830021468,0.0,0.57939569116507,0.007688697022997578,0.22291467108854188,0.6098736667118567
192,173,0.02362428252114299,0.004345684373669618,0.012251009062762918,0.0,0.581290736292028,0.004195748228181336,0.18394989857492464,0.5185769790806832
192,174,0.02728085486401565,0.018505012077890865,0.037856711519558925,0.04081632653061224,0.740417101346631,0.019961117426672677,0.6783149637403624,1.3876658817423342
192,175,0.01973146435880617,0.008414275690986444,0.022141014674551304,0.0,0.509537035690568,0.00910030986847506,0.42643949470638987,1.1221171562297023
192,176,0.014528023648401204,0.03082109996301818,0.044873679971613324,0.1836734693877551,0.904173998187115,0.045304031423628426,2.1214929648335215,3.0887669966418065
192,177,0.015049362501505046,0.002103025973628433,0.006033086735853509,0.0,0.675779564810641,0.0017770536810013974,0.13974186437585748,0.4008865315889731
192,178,0.049166896575420144,0.022639476661905997,0.03548404013949722,0.0,0.978657398655363,0.03409586743900191,0.46046177893652296,0.7217059161963997
192,179,0.00582345445848566,0.02163911735976255,0.038773252093134314,0.16326530612244897,0.616012525387662,0.01841103947428266,3.715855857382221,6.658118882794006
192,180,0.02552295155629441,0.01923534643162734,0.043874431334516774,0.0,0.5374283207546251,0.02232683714556473,0.7536489809652741,1.7190187129315992
192,181,0.03765127221558753,0.05227480211649643,0.08006299238920239,0.2857142857142857,0.723478114415106,0.12090333009026491,1.3883940446202185,2.126435248476319
192,182,0.019478070510936574,0.015919143907717433,0.03365181302108298,0.08163265306122448,0.701190186574845,0.017149511773050404,0.8172854646346582,1.727676927865525
192,183,0.024721440194641984,0.008040947842027088,0.019500138923552273,0.0,0.712081516552202,0.00641859354806585,0.3252621117021268,0.7887946159293198
192,184,0.026127364585405738,0.030711247512201018,0.04962640426276937,0.14285714285714285,0.759801261298351,0.05037903428903289,1.1754437540690863,1.899403366939265
192,185,0.012725919987789758,0.0053257874893682024,0.014445637685454754,0.0,0.3209480322622901,0.002705104915734255,0.4184992121966961,1.135135039298929
192,186,0.004295182637073653,0.004040488594016895,0.010512651855452063,0.04081632653061224,0.38539775810767796,0.0013739007129483134,0.9407023950836503,2.4475447830117014
192,187,0.03401250083336238,0.021823419781810273,0.050169151152472266,0.0,0.5269120435649339,0.031153639769202976,0.6416293788195659,1.4750209459241543
192,188,0.01612632197513762,2.88835009497504e-07,8.665000525003943e-07,0.0,0.2556036368940541,1.1897382011128155e-07,1.7910780272327977e-05,5.373203225362241e-05
192,189,0.03893832856701474,0.0013855212977379383,0.004038557591336316,0.0,0.433616959206496,0.0006183822350256462,0.03558245432526436,0.10371676802679815
192,190,0.024812175289236568,0.00552263084713836,0.014218751386853464,0.0,0.491321048281227,0.002130872684846772,0.2225774557353727,0.573055414170861
192,191,0.0059826341380067325,1.9070401311977835e-07,5.721081845162655e-07,0.0,0.23319881363349093,4.0025283933536594e-08,3.187626198103371e-05,9.562814160433984e-05
192,192,0.008933242144846323,0.0006453552131489953,0.0019076267682239876,0.0,0.264705596343657,0.00015173512533001355,0.0722419926254106,0.21354248964632808
